pmcid	score
2970787	0.6848435
3662144	0.38778502
3746308	0.34252676
3408995	0.27460876
2376090	0.27128744
3806158	0.2546464
3719271	0.23276994
1502130	0.20723034
3074283	0.19905351
3612759	0.18105201
3126760	0.1804556
2647934	0.17258714
2884455	0.17134967
2858844	0.17054556
3615941	0.16977862
3250001	0.16678515
2727116	0.16653842
3556020	0.16630137
1892556	0.16293672
2890908	0.15960464
3719296	0.15544727
3099610	0.1523121
3536353	0.15230058
3427037	0.15221018
3779461	0.15061466
1906866	0.1498628
3872718	0.14979848
2782204	0.14911303
3658351	0.14907354
3214685	0.14896442
3847484	0.14809352
3385165	0.14689386
3873172	0.14121568
3052454	0.1406742
1555610	0.1388734
3603049	0.13727215
2878711	0.1363968
3289784	0.13480178
2628006	0.13288282
2763732	0.13251881
3699953	0.13218787
3683226	0.13167788
3297526	0.13053256
3712208	0.13053244
3505508	0.12943292
3860107	0.12865087
1164436	0.12805194
3846723	0.12759426
2827074	0.12690271
3785589	0.12658915
3785158	0.12594159
2907399	0.12473049
2632162	0.12354049
3784101	0.12304997
3361201	0.12238678
3502786	0.12166649
3583160	0.120797634
2838901	0.120622806
2800936	0.119981274
3758842	0.11947368
3205541	0.119207814
3393611	0.11810964
2397531	0.117980994
3830271	0.11766213
2649930	0.11647201
3475918	0.113428585
3701397	0.1130326
2738416	0.11198597
3261233	0.11155635
3430087	0.10970603
3354493	0.10961907
1557508	0.109586
2963121	0.10941484
3017683	0.10906634
2700674	0.10905384
3198670	0.10844375
3442737	0.10838856
3139186	0.10783072
3385346	0.107749306
3201605	0.1076669
3150205	0.10687867
3749061	0.1063387
2700683	0.105801836
2844387	0.10559912
3296170	0.105391696
3081498	0.10527421
3603059	0.105156295
3682695	0.10484278
3070675	0.104202315
1876465	0.10414259
3806430	0.10407077
3522001	0.10309476
3095901	0.10247925
1934908	0.10174541
3215545	0.101334475
3830291	0.101254225
3006376	0.10113283
3417704	0.10105288
2695461	0.10011636
3820321	0.099709176
3513828	0.0996409
3429898	0.0993146
3361851	0.0986544
3316966	0.098585285
2876108	0.098066576
1310906	0.09771465
3702068	0.0970572
3622346	0.09613487
3015801	0.09605846
3579989	0.095803246
2515898	0.095574
3255438	0.095224135
3493829	0.094617605
3733961	0.09437701
3728865	0.09437682
3560720	0.094282925
3254848	0.094205804
3596679	0.09370104
3234052	0.09348889
2984325	0.0928892
1574295	0.092669
3874978	0.0924881
3784272	0.09233246
3139193	0.09192987
1198256	0.09159343
3665773	0.09158024
3283056	0.091431305
3786788	0.09141816
2630042	0.09044178
3182443	0.09026021
3603620	0.09000973
3273706	0.08995929
3465001	0.08992061
3525043	0.089886084
3000625	0.08972495
3575620	0.08958527
3309957	0.08945525
2835646	0.089300334
3493838	0.08844216
3046515	0.08832412
2776369	0.08799177
3387584	0.087376095
3493842	0.08723764
3659905	0.08704186
3496585	0.08691816
3161209	0.086752586
3614675	0.08660042
3162253	0.08605858
2700584	0.0859506
3450927	0.08594588
3480933	0.085693784
3779421	0.08560309
3628456	0.08534373
3843569	0.085272774
3628477	0.08523945
3313749	0.08517323
2790738	0.08498539
3751893	0.084792785
3519057	0.084596194
1808067	0.084389724
3677931	0.0837018
3197536	0.08361812
3821232	0.08342919
2844981	0.083143644
3237174	0.083022885
3381498	0.08299375
3765992	0.0828452
2323541	0.08268823
2990903	0.08240787
3361852	0.082273595
3335484	0.08225638
3597915	0.08219206
3866722	0.0820859
3789895	0.082085535
3317242	0.081968136
3780706	0.08196357
2740122	0.08173365
3599229	0.08159512
3202493	0.08145733
2646781	0.08145407
3830270	0.081435345
2628138	0.081416026
3790766	0.081151806
3545900	0.08104782
3018959	0.08103334
2815824	0.08071386
3671678	0.08071258
3822354	0.08068542
3568885	0.08053574
3683210	0.08019142
2772253	0.08013692
2971715	0.07995297
2872582	0.07980991
3290776	0.079562716
3472540	0.07866545
2990053	0.07857385
3354405	0.07847971
2270282	0.07844745
3178110	0.07832007
3184057	0.07815403
3503786	0.07812463
2672220	0.07807199
3170900	0.07785061
3851001	0.07778867
3736045	0.07770184
3148420	0.07765049
3621239	0.07760831
2938513	0.07726204
2813541	0.07714511
3099618	0.07713714
3449135	0.076930836
3569108	0.07691098
3793460	0.07684032
3038958	0.07673503
2639561	0.076719604
3304256	0.07663577
3751622	0.076629825
3212982	0.07647433
3102882	0.0762208
3276896	0.0761484
3659881	0.07597707
2679599	0.07596725
3437059	0.07558313
2939513	0.075556025
2694377	0.075165175
3872153	0.07512272
3573803	0.07473591
3206412	0.07466048
3043591	0.07461302
3162761	0.07458137
3290846	0.07429304
2886875	0.07428684
1634852	0.07415588
2791734	0.07415237
61035	0.07400799
2584629	0.07395333
3335608	0.0739104
3265448	0.07350589
2229370	0.07343
3129104	0.073154435
3533691	0.07292504
3891068	0.0728445
3168462	0.072778456
3161905	0.072771534
2823760	0.072750345
2989706	0.072652884
2693868	0.072583586
3822324	0.0724371
3542930	0.07234668
3350179	0.072163425
3481392	0.07214184
2718108	0.072088994
3665546	0.071926974
2691510	0.07178133
3744706	0.071578175
2825131	0.071545884
3407757	0.07153074
3636818	0.07126975
3874942	0.071262866
2987955	0.071262345
2856356	0.07125224
3852859	0.07110022
3542893	0.07104899
3180395	0.07102932
3745887	0.07091973
3556766	0.07064522
3642644	0.07052416
3391801	0.07042031
3321530	0.07034983
2206519	0.07029955
3461311	0.07011878
3099202	0.069989964
3348033	0.06997563
3580577	0.06987243
3666183	0.06985535
3579742	0.069842376
3702243	0.0697803
2873394	0.069753826
2845191	0.06971358
3252509	0.06958843
2705158	0.069535814
3893487	0.069436
3616125	0.06914427
3480136	0.06892532
3335596	0.0689112
2709962	0.068818554
3263230	0.06879874
3205660	0.06877456
3599113	0.06867747
3572985	0.068651825
2887526	0.06861902
3830275	0.06855593
3031011	0.06843876
3066713	0.06839776
3516513	0.06831427
3021826	0.067972474
3166068	0.067888275
3721909	0.06786332
2938501	0.06779706
2881437	0.06778758
3841497	0.0677771
3693925	0.06775467
2700241	0.06772435
3600625	0.067716114
3504375	0.0676319
2690061	0.06756267
3042608	0.06752309
3492376	0.06741343
3780631	0.067405544
2933453	0.06731029
2908657	0.067272745
3671674	0.067250885
2799065	0.06717622
3168062	0.067175984
3852513	0.06708592
2671777	0.06693998
3262568	0.066908635
3789719	0.066895135
1831562	0.066772364
3198241	0.06666072
2820289	0.06666021
3658339	0.06665426
3859019	0.06650585
2740253	0.06648307
3227583	0.06646545
2931786	0.06644164
3638554	0.06641211
2965705	0.066349365
3806705	0.0663467
3882097	0.06622343
3459517	0.06618257
3156535	0.06616246
2387156	0.06607261
3156761	0.06604557
3629867	0.06592155
2859338	0.06587861
3445208	0.065790534
3261489	0.06536903
2366022	0.06536089
2266901	0.06534273
3252506	0.06530984
3591686	0.065191835
3813311	0.06515305
2775033	0.06509012
2614942	0.06504332
3337801	0.06501659
3583083	0.06497247
3818592	0.06488945
3651086	0.064718805
3102266	0.06465257
3313757	0.06462999
3752485	0.0645602
3324967	0.06453953
3669404	0.06452053
3564025	0.06450279
3610196	0.06448821
2861009	0.064465486
2814228	0.064340875
1661658	0.064240195
2589194	0.06421571
2844957	0.06418186
2335289	0.06410104
3775225	0.064062394
3410249	0.06390676
3568470	0.063905634
2575206	0.06388756
3219287	0.063866556
3391837	0.063837215
3292842	0.063792735
3292917	0.063758284
2809077	0.06373364
3544906	0.063724674
3139061	0.0637236
3310351	0.0636817
3043439	0.06348497
2847724	0.06341031
3433015	0.063393675
3653687	0.06337388
2737786	0.06337061
3658496	0.0632972
3255285	0.063258275
3025919	0.06312772
3657447	0.06312539
3425271	0.06302948
2929636	0.06299567
2778945	0.06298264
3383125	0.062959515
3853905	0.062827244
2798987	0.062822156
3214386	0.06279393
2791738	0.06277704
3769411	0.06268794
3230093	0.062655814
3787093	0.06263233
3816213	0.06260231
3459797	0.0626022
3369416	0.06259085
3162726	0.06232465
1906775	0.06230242
3825933	0.06222035
2556689	0.0622061
3214375	0.06188659
3541592	0.061862018
3469224	0.061857775
2596114	0.06184052
2806401	0.06170487
3229065	0.06161121
3853387	0.061597183
3235783	0.06142189
2654443	0.061378647
3214856	0.061320737
419718	0.061217718
535900	0.06120616
3097770	0.061164547
3695270	0.06113272
3632172	0.06112928
3781197	0.06106348
1942180	0.06097815
2516590	0.060942892
3385360	0.060859468
3405669	0.060852766
3599191	0.060849164
3634207	0.060845573
3436697	0.06080328
3710498	0.06078902
3678144	0.06078772
3659885	0.060783636
3830318	0.060759924
3560600	0.06074153
3403367	0.060709495
2908659	0.060703345
3765411	0.060698856
2763729	0.060683575
3260439	0.060644105
3871041	0.06057296
3022204	0.060541578
3131124	0.0605148
3581540	0.06040916
3269439	0.060403638
3862243	0.060369577
3134924	0.060292065
3324893	0.060276203
3342550	0.06014174
2913953	0.060024217
2827085	0.059979867
3307088	0.059930515
2909175	0.0597379
3108793	0.05968459
3583074	0.059683297
2672145	0.059465718
3177908	0.05941248
3461758	0.059373148
3714027	0.059330825
2940743	0.05928084
3207883	0.059157528
1592140	0.059130576
3193674	0.059091795
3699154	0.059075102
1878510	0.05903483
2958034	0.058933713
2911937	0.05892001
2737761	0.05885129
3721928	0.0588158
3784118	0.058801655
3690676	0.05873444
3008836	0.058708243
3006050	0.058658876
3791839	0.058561858
2967696	0.058497522
2738890	0.058490936
3511937	0.05843186
2944173	0.058423247
3420799	0.058409303
3412186	0.058376227
3015439	0.05834233
2989755	0.058260553
3687153	0.05824057
3875919	0.058239166
3667012	0.058131367
3516932	0.05811583
3537269	0.0581115
3201083	0.058051627
3180421	0.058002025
2740212	0.0579509
2459162	0.05794435
3147139	0.057925917
3113861	0.057887543
2991647	0.0578826
2637917	0.057878613
3162708	0.057836454
3849968	0.057833746
2626783	0.05783087
3177592	0.057759255
3778807	0.057698853
2737771	0.05768367
2827530	0.057678398
3314559	0.05767068
2914738	0.057669558
2642755	0.05764433
3430071	0.057620913
3249707	0.05756956
3878513	0.05738071
3212799	0.057367973
3094260	0.05736454
2729477	0.057345625
3722436	0.05722722
2246062	0.057173986
3676995	0.05698653
3353641	0.056968022
3866672	0.05694575
3025377	0.05694316
2982829	0.05691077
3322896	0.056866914
2850845	0.056846764
3335556	0.05684107
3039006	0.05684001
1963453	0.056812182
1481515	0.056727897
3301796	0.05669961
3481640	0.056582976
3163609	0.05656425
2599756	0.056552254
2963769	0.056397863
3517744	0.056395046
3711740	0.05639397
3284420	0.056390923
3465003	0.056390427
3682271	0.056375094
2613589	0.056354146
1852901	0.05632937
2601047	0.056293745
3327672	0.05629179
3347491	0.056258865
3799273	0.056223143
3021339	0.05621734
3560787	0.056205966
3483866	0.05615263
1832178	0.05613948
2632782	0.056130346
3116297	0.056114268
3410128	0.056062795
3659911	0.05603576
3005636	0.056025594
3257196	0.055992518
3094427	0.05594121
2459161	0.055894557
3751634	0.055860367
3140273	0.0558097
3235715	0.055778597
3323283	0.05573812
3377918	0.055688225
3034062	0.055600606
2838910	0.055578034
3221905	0.05557632
1166574	0.05556447
2679411	0.05553296
2656328	0.055515192
2938560	0.05550988
3594693	0.0555005
3446121	0.0554598
3614336	0.055381697
2827115	0.0553068
2774694	0.05527268
3309635	0.055260103
2990894	0.055236083
2724509	0.055222575
2816301	0.055178005
1592148	0.05514877
3086150	0.0550553
2893117	0.055017084
3680092	0.054918934
2933468	0.05485148
3169870	0.054815717
3342154	0.0547931
2740856	0.054648627
3551928	0.05464716
420474	0.054627594
3375727	0.05460513
3784114	0.054604508
2803816	0.0545925
3413953	0.05459168
3609679	0.054581158
3530296	0.054472055
3350117	0.05443251
3390728	0.054391403
3543221	0.054387957
2700671	0.054381914
3214491	0.05437582
3783665	0.05432247
3481681	0.054308183
1624808	0.05423358
3096571	0.054197233
3682238	0.054179575
2323012	0.0541699
3761189	0.054146226
1459875	0.054120492
3548079	0.054111265
3502429	0.054089677
3409508	0.054059923
3551781	0.053969126
3294360	0.053945847
1563448	0.053916264
3237274	0.053910863
2848034	0.053905446
3375193	0.053875923
2702412	0.053863537
3170348	0.05380709
3548361	0.053780735
2931125	0.053766336
3294630	0.053702287
3533459	0.053595986
3573501	0.053537555
3506884	0.0534897
3192521	0.053445827
3547916	0.053436477
2966984	0.053430155
3495769	0.053424954
3337512	0.053401716
2615294	0.053336915
270697	0.05332481
3069581	0.053261586
2031875	0.05325637
3679720	0.053196955
2922212	0.053196497
2377328	0.0531779
3180162	0.05317134
3108760	0.053139698
3775530	0.053134777
3295699	0.05310051
3735559	0.05308735
3398309	0.052985355
3640153	0.052925445
3433566	0.052854303
3546453	0.05285394
3015862	0.05285352
3227343	0.05282264
3723322	0.052762695
3387629	0.052754104
3488388	0.05267869
3132359	0.052642737
516788	0.0526156
1501099	0.05256786
3821947	0.052500647
3718650	0.05245482
3002375	0.05245312
3384799	0.052378666
535935	0.052329272
2693784	0.052322395
3314860	0.05231928
3235492	0.05229441
3551767	0.05227227
1824724	0.05226315
2723097	0.05223361
3648833	0.052208398
2642770	0.052170627
3390108	0.052145753
2797382	0.052140485
2822321	0.05211708
3542938	0.05211098
3565924	0.052110113
3157639	0.05209138
2848211	0.052059248
2874544	0.05199893
3157360	0.051989596
3428420	0.05196428
3774618	0.05193006
3223007	0.051915772
3099620	0.051886823
2910499	0.051868763
2169208	0.051865317
3878040	0.051838286
3614797	0.051830586
2686952	0.051821195
2844848	0.051818952
3342021	0.05181855
3556531	0.05179417
3205776	0.051750824
1784101	0.05171149
3138087	0.051692683
3606595	0.05167928
2415356	0.051662534
3441641	0.051650435
3844236	0.051643282
3254234	0.051607665
3169862	0.051587347
3134320	0.05158668
3262783	0.05158437
3268920	0.05153092
3649649	0.05152845
3785150	0.05152599
3023038	0.051519986
3489384	0.051513426
3521774	0.05145997
3045067	0.051444337
3516685	0.05142688
2695234	0.05141215
2794498	0.051380496
1375236	0.051378004
2841444	0.05136606
2726506	0.051361155
3749537	0.05135765
3637811	0.0512961
3545994	0.051293403
3087990	0.051199246
111192	0.051104933
3208420	0.05105057
2696457	0.051049627
3830296	0.051036503
3409923	0.05099272
3366730	0.050916784
3546216	0.050901365
2675175	0.05089248
3665256	0.050869998
3215638	0.05086462
2887510	0.050825775
2783047	0.050760042
2767137	0.050699327
3289276	0.050690763
2672283	0.05066931
2542358	0.050624724
3542903	0.0506103
3236146	0.050608106
3320097	0.050548177
3181648	0.05052852
3888003	0.05050713
2917004	0.050478786
3741440	0.05047269
3160418	0.050465576
3355157	0.050460912
2971735	0.050455336
3546438	0.050376236
3464717	0.050331365
3652052	0.05032609
2852695	0.050313566
3366229	0.0502823
2329657	0.05026111
3719282	0.050243177
3793431	0.050206535
3814079	0.050196048
3424774	0.050191727
2909929	0.05015815
2770406	0.05015288
2820261	0.05012383
3893345	0.05011521
3655452	0.050109543
3205519	0.05009331
3146215	0.05005831
3524099	0.050040897
3549924	0.05003602
2825138	0.050011948
2938495	0.049998775
3614329	0.049978677
3624641	0.04992253
3133471	0.049922
3540796	0.049918357
3596341	0.04988224
2515895	0.049819153
3527895	0.049797565
3547777	0.049765605
3415156	0.04975576
3519260	0.049723588
2945465	0.049720444
3717101	0.049673405
3099615	0.049648095
3794984	0.049590807
2782212	0.049549196
3699157	0.04954558
3429833	0.04949505
2687656	0.0494888
2918861	0.04947839
3097717	0.04943336
3237206	0.049430545
1712221	0.04941897
3377404	0.04939925
3554525	0.04937663
3407614	0.049368717
3424659	0.04932969
3824192	0.04932293
3603084	0.04931497
3153716	0.049305003
3018974	0.049296994
3579408	0.049286623
2915601	0.049239006
3208820	0.049229763
3770028	0.049222585
3806786	0.049221195
3226616	0.049188443
2957620	0.04917993
3219018	0.04907986
3263070	0.04904064
2276602	0.049031727
3712160	0.04901641
3483495	0.049000807
1570363	0.048973985
3878216	0.04893561
3572378	0.048934747
2724187	0.048921965
3086162	0.048893336
3656795	0.04887566
3481396	0.04884045
3821143	0.048822276
3663608	0.04881696
2644292	0.048814718
3457841	0.04880273
3724261	0.048793696
3259378	0.048770845
3097575	0.048730437
3849848	0.04873035
2278147	0.048725225
3180075	0.04872438
3532086	0.048690673
3549590	0.048666384
3859016	0.04865064
3446146	0.048637208
3592941	0.048630185
3410774	0.048615802
3577455	0.048549853
3135503	0.04852229
3213680	0.048494056
3880005	0.048486326
3642942	0.04848482
3841622	0.04844144
2640409	0.048439093
2324208	0.04831836
3826289	0.04831247
3334801	0.04829779
3401852	0.048292253
2626597	0.048270077
3122091	0.048263304
3546087	0.048227742
3436642	0.048221264
3240924	0.048214775
3870114	0.048214346
3534058	0.048183616
3542918	0.04818035
3728876	0.04816712
3880751	0.04813252
3183040	0.04809595
2844755	0.04808399
3398111	0.04808382
3108092	0.048067387
3717047	0.0480353
3118317	0.04803026
3565202	0.048010886
3064452	0.04797962
3465549	0.047952775
2365966	0.047920775
3743142	0.047894754
3830294	0.04782224
3743330	0.04779878
3198230	0.04779821
3205656	0.047798086
2799007	0.047775455
3701778	0.047763567
3483526	0.047756772
3758267	0.047754586
3576734	0.047674984
3263067	0.047665548
2496697	0.047635667
2740234	0.047630545
3109374	0.047612894
2602194	0.047612775
3386343	0.0476047
3265990	0.047575936
3411404	0.04754722
3632031	0.047473975
3707411	0.047455784
3771809	0.04742553
2806543	0.04741211
2824858	0.04739794
2702306	0.04738959
3573542	0.047354024
3302016	0.047260877
3524466	0.047233354
3794962	0.04721924
3891079	0.047206685
3529443	0.04717757
2740115	0.047176547
3151508	0.04717358
3349544	0.047171973
2691514	0.047170535
3015896	0.047150433
2783054	0.04714229
2935984	0.04710727
3585334	0.047103863
3342103	0.047083035
3557149	0.0470448
2776156	0.04701331
2957696	0.04700176
3125277	0.04693233
3653513	0.04680596
3231647	0.04678198
2667523	0.046754356
2740245	0.046742912
3538583	0.04673473
3465920	0.046720654
2970788	0.04669636
2672274	0.046600945
2858205	0.04658675
3677894	0.04658362
425596	0.046545163
3015692	0.04648701
3468421	0.046482746
3698053	0.046447102
3221745	0.04642917
526283	0.046415597
3090107	0.04641432
2048992	0.04639111
2956246	0.0463905
3729989	0.046386387
3424870	0.04637219
3111034	0.046353023
3311212	0.046349525
3782506	0.046348162
3741219	0.046346143
3350299	0.04632578
3833147	0.046313792
2611962	0.046307985
3543541	0.04630437
3030020	0.04629382
2449186	0.046292163
2718858	0.046282247
3364639	0.046261832
3702062	0.04625229
3590438	0.046236496
3410247	0.046215765
3791844	0.04618154
3605968	0.046161287
3614291	0.04616098
3716905	0.046129685
3651988	0.046055567
3089795	0.046027873
3692151	0.046013102
2784403	0.04599959
1852684	0.045978952
3086146	0.045973267
3569638	0.045947082
3522130	0.045937844
3501674	0.04593486
3431052	0.04591799
2908674	0.04587951
2366049	0.04587797
125311	0.04587317
3015272	0.045868512
3673374	0.045860767
3388446	0.04584453
3752857	0.045835305
3495356	0.045783684
3056326	0.04576639
3808400	0.04575157
3784461	0.045742642
3570271	0.045734197
3649135	0.045673985
3789076	0.04560824
3705886	0.045560557
3325009	0.045530558
2740248	0.045528498
2774660	0.04552771
2367658	0.04552266
2988774	0.045513503
3652048	0.045499865
3504369	0.04549184
1705495	0.04546843
2811596	0.045465425
3014830	0.0454585
3670508	0.045451224
3533960	0.04544652
3088753	0.045443546
3235905	0.045439914
3812024	0.045409497
3789311	0.045407128
3857272	0.045398857
3116544	0.04538411
2396649	0.04537341
2092422	0.045369316
3444845	0.04535531
3459431	0.045355115
2702364	0.045340214
3745863	0.045323223
2875706	0.04528799
3671804	0.045276918
2827498	0.045266908
2846739	0.045266464
2613378	0.04521576
3691770	0.045213297
2232037	0.04519405
3651717	0.045182314
3733741	0.04517504
3533887	0.045163542
3477102	0.045162145
3324503	0.04512555
3043580	0.04512532
3514048	0.045102995
3677018	0.045101345
3464782	0.045093905
2799006	0.0450938
3236138	0.04507404
3747426	0.0450533
3271409	0.045043424
3883384	0.045030367
3650885	0.04502961
3542941	0.04502631
3663343	0.045025077
3162842	0.04500605
3693122	0.04498313
3192333	0.044982325
3541269	0.044981387
3335546	0.044966817
2656294	0.044947717
3111156	0.04492502
3215409	0.04492165
3048015	0.04491235
3222059	0.044896126
3341745	0.044865772
3813813	0.044864096
3419394	0.044856016
1297588	0.04484336
1781427	0.044819433
3466094	0.044811554
3229792	0.044796415
2927890	0.04478354
3536587	0.04476843
3195434	0.044764996
3835934	0.044762764
3015279	0.044758424
2515893	0.04470296
2683441	0.04466971
1769486	0.044667903
3407750	0.044651203
3610129	0.04463289
3141130	0.044593967
3225407	0.044582143
3772877	0.044561367
1131910	0.044525214
3601985	0.044523645
131012	0.04449918
3670623	0.044468485
3350039	0.04444614
2770458	0.044390734
3610459	0.044353884
2791736	0.044316504
2629028	0.044285763
3717425	0.04425235
1769412	0.044250384
2872355	0.04423627
3359432	0.044234782
3364416	0.04421025
3181876	0.044207152
2944247	0.044197943
3646790	0.044185944
3849794	0.04414169
2483980	0.044135485
3087430	0.0441109
3350450	0.044091046
3661928	0.04407201
3669561	0.044066347
3163653	0.04405279
3853354	0.044043317
3034954	0.04403739
3087156	0.044033956
3690792	0.044005893
3626910	0.043994416
2981765	0.04398285
2803936	0.043977275
3290847	0.043973222
65703	0.043969143
3292461	0.043922327
3432525	0.04388933
1458347	0.043886136
3656393	0.043883543
2810372	0.04385494
3841511	0.043849744
3842809	0.043839168
3480886	0.043822043
2896837	0.043803457
3463916	0.043795917
2732551	0.043772023
3074288	0.043746125
3484017	0.043725334
3514125	0.043721195
1831476	0.043713637
3599566	0.04365598
3114818	0.043627646
3004490	0.04362032
3446054	0.043600157
2848063	0.043579176
3625569	0.04357915
3409114	0.043572616
3323212	0.0435609
3410081	0.043558054
3180413	0.04355727
3420490	0.043546498
3086145	0.043541513
3277472	0.043534394
3132663	0.043510444
3339806	0.043504637
3383148	0.043502443
3560658	0.04346538
3651868	0.043426342
3529430	0.043413725
3504217	0.043406095
3572052	0.043399114
3529579	0.04339231
2822248	0.043382928
3847761	0.04337811
3226425	0.043342777
2877014	0.04326613
3864172	0.043262377
3169452	0.04325838
2928084	0.043222416
3048475	0.043206792
2364330	0.043197893
3015636	0.043192565
2873453	0.04319186
3384935	0.04319122
3236393	0.043190565
3319780	0.043142747
3252812	0.04313774
2779365	0.043107703
2194704	0.043103445
3139357	0.04309696
2852863	0.04308033
3611086	0.043073624
3531481	0.043025695
3573807	0.043024894
3500067	0.043008238
3423821	0.043003887
3194619	0.04299383
3396873	0.042964853
3275898	0.04296234
2924549	0.042962253
3036638	0.04296146
3563235	0.04294537
3229061	0.04294536
2787058	0.04294438
2884340	0.04291588
3457724	0.042905666
3435946	0.042871572
1459175	0.04282866
2923368	0.04282666
2687438	0.042777956
2600205	0.04277749
3609819	0.042767607
3533608	0.042766936
2774533	0.04276557
2395266	0.04275732
3872388	0.042754427
3523946	0.04274616
3183691	0.042740475
2561012	0.042739995
3662739	0.042739086
3712681	0.042731196
3827496	0.042713143
3651322	0.042708974
3818833	0.042685755
3169497	0.042680286
3350497	0.042675484
3879255	0.042665318
3020335	0.042653978
3132863	0.04263853
3838404	0.04262024
2174498	0.042609703
3123513	0.04260088
2914383	0.042595718
3684085	0.042555105
2778181	0.042538024
3507754	0.04250817
3850443	0.042504072
3507100	0.04248958
2291039	0.042469427
3648569	0.042464606
3564105	0.042452615
3830374	0.04244437
2526540	0.04242862
3146226	0.042406566
3072209	0.042404354
3181626	0.04240238
2700484	0.042401206
3335616	0.04238324
3818613	0.042374875
3420763	0.04236554
3741976	0.042361364
3433121	0.042354167
3289782	0.04234589
3558356	0.04233663
3381629	0.042304337
3653538	0.04228952
3584910	0.042279556
2409363	0.042254683
2672280	0.04224219
3469372	0.042225685
3335538	0.042213593
3492078	0.04220176
1906865	0.042164084
1280340	0.04215497
3477709	0.042133637
1781552	0.042111643
3560799	0.042110104
3792511	0.042105738
3674621	0.04210098
3088376	0.04209767
2480051	0.042078476
3674632	0.042068694
2589624	0.04205916
3629351	0.04205639
56591	0.04203067
2936084	0.042021103
3890613	0.042009823
2880140	0.042009026
3670993	0.04200423
2667260	0.041982
2726503	0.04196705
3708267	0.041966572
1557855	0.041948613
2633017	0.04193678
3500071	0.04193412
3111043	0.04192788
2738311	0.0419275
3623618	0.04191363
3507066	0.041874107
3405457	0.041858494
2769330	0.04184473
3625010	0.04183339
2958974	0.04182215
3551421	0.041821953
2941760	0.041821938
3204688	0.041820854
1310932	0.04180592
1201178	0.04180368
2828476	0.041784257
3658225	0.041784175
3626556	0.041756663
3080591	0.041749917
2840968	0.04174159
3420658	0.04173922
3086151	0.04173182
3392272	0.04171632
3443647	0.041683402
3426468	0.04166868
3544057	0.041655824
3310715	0.04164666
3705747	0.041609187
3566934	0.04159874
3649626	0.041591633
3542335	0.04157426
3855073	0.04157105
3616347	0.041570418
3438402	0.041552726
2782317	0.041525587
3818025	0.04152192
2726514	0.041517805
3530861	0.041514333
3872234	0.041501008
3178029	0.041500356
2672257	0.041497868
3040617	0.04149264
3056012	0.04145396
3299165	0.041399006
2887870	0.04139668
3730194	0.041392434
2800872	0.041371606
3115637	0.041339803
3530329	0.041334946
3572972	0.041316297
3407531	0.041308004
3506494	0.04130279
2323013	0.041288253
3658292	0.04127779
3384969	0.041255273
2824881	0.04125517
3291459	0.04123745
3161474	0.041186694
3664480	0.0411797
3192515	0.041176386
3249182	0.041169975
3350152	0.041147728
3744713	0.041128516
3457606	0.041120134
3171844	0.041105848
3162819	0.041095104
3589375	0.041068614
3583123	0.041064978
2921287	0.041049685
2275741	0.04104781
3751269	0.04103031
3569078	0.041007865
2440557	0.040998872
3369119	0.040994648
3794969	0.040990468
3414041	0.040968012
3466900	0.040965915
2655295	0.04095648
1581458	0.040948384
3026661	0.04093541
3667037	0.040926848
3398080	0.040923707
3886912	0.040923707
3094252	0.040896066
3816272	0.040884677
3723742	0.0408715
3505767	0.04086445
3534522	0.04086286
3195172	0.04081526
3764949	0.04081346
3752500	0.0408118
2812738	0.04078726
3653756	0.040781885
2656546	0.04075581
3719954	0.04073302
3325348	0.040726412
3786971	0.040678397
1513329	0.040673245
3880742	0.040672187
2424031	0.04065748
3408508	0.040653337
3148597	0.04065074
2633177	0.040647987
3443081	0.040625818
3730937	0.040625073
3031281	0.040620457
3853673	0.040609438
3088390	0.040599763
3863515	0.04057048
3351987	0.040569175
3784075	0.040557534
2783065	0.040553708
2842888	0.04053754
3364047	0.040524226
3259303	0.04052214
3195536	0.040465966
3585772	0.040419858
3012558	0.04041871
3572638	0.040394276
3538607	0.040383
2732791	0.040381577
2814806	0.040380917
3206367	0.04038021
59895	0.040371615
2670007	0.040365756
3101758	0.04033052
1557854	0.040325854
3074556	0.040313974
3362600	0.040313657
2531092	0.040308483
3025133	0.040271576
3500066	0.04025521
3016819	0.040251583
3474255	0.040215597
3793292	0.040210724
2636832	0.040209763
3599538	0.040202647
3191811	0.040192164
2350146	0.040159103
3709898	0.040155847
3719111	0.040153246
1533806	0.04012215
3721128	0.04012038
2683640	0.040115204
2850860	0.04011183
3847001	0.04010995
2607110	0.040090926
3794857	0.04005781
3458782	0.04004276
3885443	0.04003844
3549408	0.040036738
1635416	0.040033095
3567050	0.040027633
3157077	0.04001288
3841499	0.039981645
2245974	0.039978735
3287034	0.039959367
3855217	0.03993207
3577690	0.0399054
3206769	0.039902765
2797737	0.03989329
3522359	0.039877377
2654633	0.039873466
1829162	0.039846566
3875976	0.039843023
3150702	0.039833434
3230095	0.03980523
3596758	0.039794117
3829784	0.03977703
3015230	0.039770927
2747450	0.03975749
1289282	0.039748397
3651279	0.039745364
2984463	0.039741702
3485864	0.0397413
3111700	0.039741296
1181810	0.039728507
1062158	0.039725527
2827053	0.039710276
3659907	0.03968827
3577793	0.03966547
3692154	0.039655883
2729879	0.03965072
3109763	0.039632708
2822146	0.039607853
2908803	0.03958137
3306913	0.03957522
3203987	0.039562024
3196964	0.03955648
3217843	0.039551962
3891987	0.0395493
3549382	0.03954831
3108687	0.039520167
3835761	0.039486557
3395961	0.0394602
3169192	0.039448973
3852762	0.039435394
3822024	0.03943235
3745849	0.039430983
3177790	0.039391674
3542201	0.039380677
3265831	0.03937139
3634203	0.039357506
2672226	0.03935457
3459530	0.039349463
3732261	0.039349254
3161951	0.039340854
3733704	0.039336544
2899804	0.039299984
3001704	0.039277755
2740237	0.039268654
3079655	0.039258536
3762519	0.039246257
3565138	0.039234124
3877022	0.03922703
3019596	0.039221335
3498721	0.03921903
3665250	0.03921588
3853000	0.039201718
3368113	0.03919662
3446927	0.03918598
2267201	0.039180096
3604619	0.03917465
3543951	0.039164413
3350070	0.03915293
3742155	0.03912084
3474171	0.03911365
3512532	0.03909904
3340954	0.039098825
3017697	0.03908196
3205072	0.039071154
3535693	0.03902862
3046007	0.039021548
3684080	0.039021317
3483787	0.03898935
2946668	0.03898496
3447652	0.038971208
3544062	0.038954202
2672273	0.03894795
3016311	0.038925387
3574852	0.03889977
1552014	0.038896997
3247021	0.03889481
3464687	0.03889248
3649179	0.03889022
3168459	0.03888463
3086154	0.038870607
2915524	0.03886498
3778772	0.038863935
3108758	0.03885295
3432199	0.038850863
1845151	0.038839925
2628175	0.03880605
2688345	0.0387953
3056362	0.038790066
2518155	0.038782977
3199434	0.038779784
3075814	0.03875765
3461107	0.038741842
3359167	0.03873553
3679119	0.038727187
3054432	0.038723417
2467409	0.03871639
2989962	0.03870197
3206110	0.038700722
3767585	0.03868879
2350144	0.03868465
3361868	0.0386839
3326847	0.038682405
3731174	0.038682114
2998658	0.03867204
3658835	0.038646936
2000469	0.038646325
2780638	0.038640644
2700684	0.038623296
3535835	0.038620196
1784620	0.038616385
2958322	0.038607404
2570219	0.03860123
3364650	0.038590256
3679768	0.038583227
3781631	0.03858153
1679810	0.038580686
1175909	0.038578622
2265726	0.038577937
3756033	0.038570277
3564478	0.038569886
2396176	0.038557947
2794847	0.038556892
3097688	0.03854446
3863508	0.038544204
3437809	0.038541876
3694111	0.038535327
3543801	0.038521726
3639886	0.038521633
3847005	0.038513523
3310784	0.038510732
3737700	0.038456503
1459115	0.03845565
3347636	0.038439017
1820598	0.038429596
1368996	0.03842313
2627994	0.038422912
3761349	0.038412943
3217590	0.038406085
1524932	0.03840401
2733966	0.03838743
2803863	0.038336687
2921519	0.038332116
1501044	0.038322534
3787639	0.03831424
3457596	0.03829776
1971672	0.0382786
3014832	0.038271565
3660222	0.038262777
3125362	0.038262475
2840725	0.0382568
1796879	0.03825261
3776937	0.03825167
3480896	0.038251214
3817352	0.03825101
3785180	0.038238656
3273370	0.03823586
3745859	0.038234025
3664391	0.03822125
3519588	0.03821963
3495043	0.038211796
3329089	0.038208444
3541113	0.0382075
1236946	0.03820194
3655498	0.038196847
3082229	0.038171392
3126768	0.03816221
3118061	0.0381543
3814528	0.03815427
2675011	0.038145456
3499904	0.038137205
3043411	0.0381188
3829763	0.038116135
3851541	0.038115658
3748667	0.03811103
3199906	0.038101025
3546191	0.038063575
2918863	0.03804899
3575664	0.038048767
2647170	0.038047448
3853610	0.038046632
2991287	0.038041566
2726540	0.038030434
2687698	0.038029917
3209998	0.038012188
3362584	0.03800843
3335639	0.037991893
2174354	0.0379888
3190012	0.037982885
3121722	0.03798121
3047823	0.037975058
2862513	0.037957985
3123632	0.0379572
3221226	0.037955213
3335711	0.037947748
3180982	0.037941366
3162982	0.03793069
3232111	0.037928306
3471412	0.03791458
3504280	0.037903972
3559868	0.037899505
3292813	0.037897076
3191386	0.037893675
3660491	0.037885148
1280346	0.03786271
1791015	0.037854515
3275841	0.037852794
3114322	0.03784785
3407612	0.037834696
3680477	0.037832316
3638300	0.03783042
3539552	0.037818193
3557185	0.037818056
1257602	0.037788093
3015480	0.037774686
3370326	0.037760057
3097544	0.03774518
2500027	0.03773638
3369124	0.037735805
3327025	0.037725486
1526416	0.037718367
3471418	0.03771363
2827047	0.037707992
3811697	0.037702266
3638505	0.03770102
2856151	0.037692722
3663347	0.037675705
3346836	0.037667274
3845336	0.03765776
3590325	0.03764872
1781433	0.037637684
3273785	0.037624236
2998473	0.037610047
3789904	0.037600897
3230106	0.0375926
3649648	0.037589878
2729904	0.03757915
3446077	0.037578963
3750229	0.03756832
3741984	0.037568223
3843911	0.037567705
3379929	0.037558522
2964948	0.037551053
2792227	0.037545733
3151509	0.03754259
3149125	0.037495524
3138408	0.037469707
3024361	0.03742867
3447215	0.037403177
1180831	0.03740312
2879835	0.037399564
1899490	0.037395015
3459167	0.037376896
3319540	0.03737065
2769460	0.037365492
3732352	0.037356537
3858766	0.037351206
2992138	0.0373463
1564027	0.037341382
2898665	0.03733211
3476194	0.037329644
3086144	0.03732237
3546444	0.037312556
3152188	0.03730721
3519746	0.03730358
3008954	0.03729533
3088381	0.03729445
3350004	0.037287828
3682970	0.037263297
3857503	0.03724713
2572586	0.037227515
3118368	0.03722298
3858901	0.03722046
2930290	0.03721663
2984268	0.037179086
2803981	0.037175797
2670267	0.037174344
3616868	0.037171375
3776284	0.037169553
2654858	0.037147216
3741700	0.037145793
3608313	0.037145574
3809165	0.037141956
3548815	0.037134726
416451	0.03712934
3883204	0.037121896
3318241	0.037121486
3614875	0.03711969
3879014	0.03711872
3724138	0.037117086
2603042	0.037091758
3745679	0.037085127
3870214	0.037067693
3701928	0.037065998
2232040	0.03706113
2698202	0.03704758
3234635	0.03704561
3461616	0.037038106
3845211	0.03703389
3574827	0.037026074
3580664	0.037011266
1939710	0.037004426
3206418	0.03695991
2790183	0.03695359
2997282	0.03695302
3180603	0.03694576
3447825	0.036943767
2526436	0.036943715
3475478	0.03693871
3232585	0.036923878
2822251	0.036922082
3517420	0.03691137
3322905	0.03690946
2912929	0.036890764
3389023	0.036886893
3224456	0.03688368
2855433	0.03688244
3222602	0.036875606
2672249	0.036873
3182008	0.036862455
2950136	0.03684859
3017331	0.036838137
1618827	0.03682586
3759690	0.036822814
3144829	0.036779758
3585698	0.036777385
3251532	0.03676784
1298312	0.036746804
3119438	0.03674318
2822819	0.036739763
3492965	0.03673646
3627643	0.036735166
3543206	0.03672738
1828725	0.036719326
2689449	0.03671489
3538046	0.036713567
2211472	0.03670928
2775523	0.036696926
3628229	0.036672667
3248865	0.036670316
3282637	0.036668196
3545330	0.03666185
3420076	0.036659613
3387614	0.036659233
3507065	0.036637247
1939984	0.03663267
3220246	0.036616597
3504213	0.036609504
2654860	0.036606863
2580005	0.036548708
3094683	0.03653589
3174930	0.036530305
2975260	0.03652378
3113816	0.036512394
3526146	0.036485728
2385926	0.03647355
2788568	0.036463793
1564427	0.036460683
3618051	0.03645978
3514802	0.036443777
3420417	0.036440708
3114601	0.036437646
1464382	0.03643658
3789312	0.036418315
512286	0.036415223
2100429	0.036415078
3046850	0.036411792
3015967	0.03641031
3848245	0.036391668
2841772	0.036389865
1824747	0.036384337
2670306	0.036379766
3530850	0.036362763
2887127	0.036362268
3552986	0.036352314
3133514	0.03634891
2386120	0.036337517
3860338	0.03632184
3541931	0.036307774
3530760	0.036301933
2841744	0.036300786
3586352	0.036298577
2686968	0.036297433
3704968	0.036285352
2576180	0.036276564
2734022	0.036268752
2987927	0.036254283
1824715	0.036250163
3070667	0.036247604
3465177	0.03623988
3424852	0.036238004
2740262	0.03622807
3784234	0.03622727
3038394	0.036225766
3590222	0.036225684
3519068	0.036223385
3153924	0.0362119
3814804	0.036209274
3195175	0.03620293
3560273	0.036202274
2921813	0.036182243
3795717	0.036174465
1253515	0.036169596
3539522	0.036167122
3598816	0.036165014
3146188	0.036163762
3129585	0.036157243
2577649	0.036156703
3311446	0.03615439
3556772	0.036147438
3544059	0.036145728
2990464	0.036143452
3775204	0.036140293
2763727	0.03613221
2311322	0.036126684
2361560	0.036114797
3162268	0.0360701
3401756	0.036062427
3659912	0.03605651
3415795	0.036023054
3793360	0.036018796
3560661	0.036015667
3582520	0.03599622
3536615	0.03598856
2694199	0.03598732
3657543	0.035972115
2000880	0.0359493
2782171	0.035942346
3238485	0.035917867
3012841	0.03591303
3805841	0.03590433
3486899	0.035902515
2740255	0.035902288
3409617	0.035881735
3222068	0.035871256
3733882	0.03585322
3676603	0.035852987
3475996	0.035852637
3535796	0.035842296
3453494	0.03583991
2926674	0.035801865
2918831	0.03579843
2702927	0.035744075
2783104	0.03573535
3544907	0.03572891
3835276	0.03572411
2760761	0.035716575
2717439	0.035708025
1156954	0.03570737
3339251	0.03570335
3560965	0.035695132
2976719	0.035682805
3692153	0.035680525
3354841	0.03566514
2784509	0.03565644
2992055	0.03564969
3538055	0.03558313
3245485	0.035578623
2374788	0.03557676
3542921	0.035559963
3469910	0.035554983
2874368	0.03554247
2698204	0.03553695
2810817	0.035519302
3002446	0.035508376
3354865	0.0355079
2991652	0.03550368
2908021	0.03550112
3263074	0.03549956
3665212	0.035489615
1413535	0.03546754
3221028	0.035462532
2917397	0.035452165
2526068	0.035446763
3638277	0.03544442
3322929	0.035421517
3835517	0.035413735
3635635	0.035390414
2754980	0.035386786
2698057	0.035383567
2947622	0.035382796
3378931	0.035374805
3320293	0.035358526
3673807	0.0353508
3409560	0.03535009
3853893	0.03534753
3745928	0.03534704
3760632	0.03533209
2611979	0.03530422
2822309	0.035302095
3321795	0.035301678
2613968	0.035294525
3544661	0.03528323
3643341	0.035274595
2857803	0.035269827
2942803	0.035263013
3502788	0.03525361
2526427	0.035246447
3263546	0.035242837
3596070	0.035220295
3136068	0.03521961
1459933	0.035218216
3521816	0.03521488
3722906	0.035208683
3746057	0.03519821
3132017	0.03519564
3588621	0.035193272
3342549	0.03519229
3797893	0.035185214
3179308	0.035176475
3336243	0.03517607
3626309	0.03516484
3814638	0.03515869
3792602	0.035135314
3572670	0.035133556
2435119	0.035120055
3729461	0.035093464
2726561	0.035092928
548132	0.03509007
3087677	0.035089076
3245400	0.035087314
3132697	0.03508438
2920889	0.03507978
3422178	0.03507963
2151880	0.03507868
2933606	0.035077326
3344684	0.03505179
3549390	0.035033494
3043431	0.0350285
3398075	0.035004627
3662738	0.03500249
2570419	0.03499228
2946035	0.03498767
3606325	0.03498096
2855451	0.034975912
3649949	0.03497563
2546413	0.03497256
3214570	0.034970906
3113814	0.03496642
2206511	0.034950096
3639802	0.034940436
3459528	0.034936707
343279	0.034927037
3702521	0.034921635
3349473	0.034912713
3143923	0.034911532
2749044	0.034911152
2910854	0.034908738
3236166	0.034899857
3663224	0.03489864
2997971	0.034892775
3181773	0.03489063
3679696	0.03488625
1896172	0.034885023
3147132	0.03486746
3349988	0.034866527
3348093	0.034855597
2635376	0.034849577
2794249	0.034828797
3448224	0.034822788
2075572	0.03481435
3250343	0.034814063
3789894	0.034809902
2657284	0.03480149
3113881	0.034789663
1832184	0.034784548
3429818	0.034779776
130966	0.034772746
3429832	0.034771487
3023866	0.034771316
3881906	0.03476426
1949812	0.03476298
503388	0.034752715
1269446	0.034729965
2824638	0.034728862
3557580	0.03472785
3191848	0.034725677
3715463	0.03471967
3166801	0.034709074
3734746	0.03469879
3626436	0.03468559
1351204	0.03468232
3719276	0.034642484
2234399	0.03464
165046	0.034630932
3078859	0.03462443
1462991	0.034619387
3141706	0.034607824
3698306	0.034591686
3405211	0.034579407
1269455	0.034540918
3177920	0.034525376
3712889	0.034523915
1885440	0.03451832
3015858	0.034514323
3750355	0.034513146
1502062	0.034510378
3746222	0.03450167
3696258	0.034497883
2133520	0.034488644
3056414	0.034485046
3866926	0.034475077
2827140	0.034471307
3459383	0.03446717
2782169	0.034462247
2795733	0.034459885
3684463	0.034456156
3047871	0.03445016
3411456	0.03444873
2721844	0.03443593
3814933	0.034432743
2644670	0.03440691
3072694	0.03440657
3334646	0.03439843
3262772	0.03439763
3632032	0.034395546
3093221	0.03439526
1431557	0.034377836
3656780	0.034371983
64494	0.034366395
3562196	0.034353986
2137114	0.034352172
3844346	0.034342837
3329082	0.034334913
3333708	0.034319587
3161438	0.03430583
2844979	0.034304474
2672247	0.034299828
2918825	0.034283977
3701489	0.034283184
1963326	0.034268796
3552364	0.034258075
2885379	0.034255426
3482082	0.034254566
3574659	0.03425239
1240640	0.03423253
3891390	0.034222696
3699153	0.034214128
3830327	0.03421404
3075199	0.034204658
3125036	0.03419784
2852806	0.034194652
3562549	0.03419277
3475895	0.034173254
3460172	0.034165643
3765901	0.034163024
3170567	0.03415388
3519638	0.034146007
3035547	0.034142233
3322928	0.034132082
3121680	0.034132037
3015361	0.03412707
3701927	0.034120888
3806357	0.034107067
1784604	0.034092713
3866685	0.034084667
2783106	0.034080505
3033095	0.034075778
3741981	0.034064475
2377075	0.03405787
3371471	0.03404966
2569097	0.034047566
2238755	0.03404667
3759459	0.034043495
3881380	0.034037102
3135082	0.034017105
2737781	0.034006383
1456978	0.034000833
2911602	0.033999816
3692160	0.03399861
3412713	0.033988867
3047834	0.033959143
2438319	0.033925634
3095978	0.033925407
3655492	0.033918645
3147093	0.033911392
2740317	0.033905353
2672256	0.033901054
3389324	0.033894446
3662630	0.03389339
1087888	0.033893343
3351253	0.033887856
3532791	0.033881426
3462186	0.033874713
3518712	0.03386907
3234607	0.03386364
3408521	0.03386293
3354470	0.03384505
2900086	0.03384035
3619047	0.033822816
3808267	0.033810332
2780532	0.03380552
3764891	0.033797853
3682302	0.03378986
3278954	0.03375941
3724297	0.033758763
2565667	0.03374666
3567877	0.033736173
3806160	0.03373503
3680301	0.03373094
3232573	0.033726238
2877817	0.033721756
3307086	0.033706628
2359643	0.033699483
3080571	0.03367538
3123833	0.033673905
3515415	0.03364521
2687681	0.03364159
3695255	0.03363876
3794566	0.0336225
2050150	0.033611618
3562274	0.03359107
3015918	0.033573247
2847727	0.03357023
2848339	0.03356053
1479349	0.033558812
3764307	0.033553697
3188826	0.0335532
2865463	0.033549827
3509389	0.033544954
2904803	0.03353846
3060309	0.03352554
3632492	0.033522617
3851456	0.033517215
2526478	0.03350497
3776379	0.033501238
3388422	0.033499643
3771981	0.033474438
3884166	0.03346708
2740249	0.03346374
2687896	0.033439655
3526386	0.03343549
2876703	0.03343506
3556838	0.03343456
3615381	0.03343008
2700443	0.033398956
3752861	0.033392027
3081356	0.03338973
3623899	0.033389363
3893611	0.03338745
2561009	0.033384174
3259544	0.03337248
2490810	0.03336261
3885791	0.033359095
3148881	0.033354577
2978397	0.033338446
3057029	0.033337746
3180418	0.033330463
1393263	0.033311162
2098779	0.0332993
2803937	0.0332963
3094002	0.033295944
3764715	0.033294957
3348525	0.03329375
1322287	0.03328171
2794284	0.033276983
3318163	0.03327562
2217540	0.0332638
3610195	0.033262584
3161434	0.03325808
2426673	0.033251
3589611	0.033243492
3214567	0.0332381
3251794	0.033234682
3640949	0.033233356
3862394	0.033231642
2801527	0.03321883
3641101	0.0331991
3051892	0.033194948
3293925	0.033171758
3521405	0.033169426
3742472	0.033155415
3499352	0.033137314
3219004	0.033137236
3030027	0.03312601
3317599	0.033120085
3014888	0.033110008
2170447	0.033106025
2172608	0.03309437
3495772	0.03308401
3748469	0.033079397
3020306	0.03307114
3596703	0.033070058
3373100	0.03306687
3541161	0.033062726
3872680	0.03306059
3147154	0.033047568
3530294	0.033046603
3841693	0.033035286
2813542	0.033020895
3874977	0.03301741
1939918	0.03301727
1087842	0.03301187
2740293	0.033010837
2443772	0.033010624
3538185	0.03300432
3326899	0.03299975
3555834	0.032984644
2824958	0.03298443
3412048	0.032983866
3162834	0.03298056
2584632	0.03296136
3599400	0.032961085
3702063	0.03293148
3503476	0.032924958
2716448	0.032922715
2769373	0.032911174
3122899	0.032906953
2847812	0.032881822
3011091	0.032876283
1310628	0.032873817
3134918	0.03286825
2946695	0.03286132
3707049	0.03286047
3403610	0.03286017
2248298	0.032851808
3023867	0.032847017
3481929	0.03284694
2818706	0.032846104
3548374	0.03284005
3344685	0.03283995
3674474	0.032815155
2845142	0.03281204
3615916	0.032802142
3626614	0.032795142
2646647	0.03278949
3219351	0.032788705
3184633	0.032785013
3025967	0.032762405
3749082	0.032758504
2787270	0.032758377
2879291	0.032752816
2576187	0.03275102
3734890	0.03275069
3824354	0.0327384
3829741	0.032732338
1852908	0.03272281
1559601	0.032721546
3283855	0.032719743
3517837	0.03270246
3482079	0.032697838
3807791	0.03269258
2889780	0.032674197
3118311	0.03267095
3495012	0.032667793
2753768	0.032664217
3036636	0.03264662
2211463	0.03264618
3554972	0.032643788
1698946	0.03263811
2266722	0.03262892
3046969	0.032625634
2939537	0.03261888
165606	0.032615814
2783094	0.032613788
2244628	0.032611556
2992059	0.032604594
3548373	0.03260077
3564848	0.032594945
3345222	0.032586448
3098999	0.032584414
3782585	0.032583315
3402108	0.03258187
2900082	0.032580666
3109793	0.032579746
3124730	0.032560233
3808860	0.032558113
3446884	0.032546725
3296275	0.032532554
555570	0.032532357
2834661	0.032524288
3014817	0.03252278
2783124	0.03251828
3672069	0.0325123
2892672	0.032504786
2099495	0.032493122
3108768	0.032491267
3270879	0.032489073
3392138	0.03248675
3021745	0.032482665
2965917	0.032478068
3670546	0.03246383
2998814	0.032461487
3003214	0.032458764
2847728	0.03245704
2788602	0.032441784
3734688	0.032420073
3667229	0.032410108
1257438	0.032408
3568150	0.032392055
3034916	0.03237925
3015667	0.03237854
3658294	0.03237586
3225467	0.032373097
3465542	0.03234912
3677638	0.0323336
2740110	0.032318678
3262143	0.03230854
2840751	0.032306895
3015861	0.03230446
3303770	0.032297265
2014765	0.032291275
3140077	0.032291096
3846631	0.032283213
3066183	0.032277603
3825955	0.032271836
3015834	0.032269306
3665244	0.03224875
3689887	0.0322346
3658240	0.032234326
3499903	0.032232758
3430051	0.032229137
2691511	0.0322253
3109817	0.032217868
3261719	0.032214597
2745147	0.032213498
3679761	0.032207306
3430894	0.03217808
2774585	0.03217755
3329083	0.032157388
3064060	0.03215685
3034193	0.032147665
3109575	0.032141928
2923795	0.0321419
3355001	0.032126356
3456478	0.032123048
3659619	0.032116186
2366074	0.032116164
3359316	0.032113172
3507802	0.032112736
2566567	0.03211115
3419668	0.032108154
2661247	0.032096267
2771826	0.03208885
3719309	0.032087557
3793491	0.032084215
2494655	0.03207988
3633277	0.032068763
3480785	0.03206479
2823093	0.03206456
2874558	0.03205587
3583747	0.032044433
2633340	0.03204093
2697319	0.03204083
3463087	0.03204038
3244391	0.032039512
3322914	0.032038834
2827048	0.032035917
2628869	0.032029502
3071483	0.03202417
3025866	0.032020308
3541200	0.032016348
3012210	0.031989742
2697383	0.031979274
3652181	0.03197707
2481241	0.0319705
3215423	0.03195851
3181767	0.031958416
2932950	0.03195242
2939000	0.031936757
3152527	0.031929117
3745698	0.03192291
3604578	0.031916715
1513580	0.03191399
3838810	0.031911563
3078209	0.031890005
3010678	0.031886715
2898655	0.031880274
3771777	0.03187827
2889886	0.031868856
2515635	0.03185819
2948339	0.03182969
3021899	0.031816836
137231	0.031802025
3743346	0.031796288
3426616	0.031791
3702711	0.03178762
3600218	0.031784788
2817864	0.031784706
3202844	0.031763166
1450294	0.03176055
3385264	0.03175974
2810606	0.031758327
3015219	0.031755477
3518251	0.03175168
1764004	0.031750686
3319903	0.031727515
3201107	0.031725552
3884537	0.031704996
3411676	0.03169737
3015594	0.03167625
3439802	0.03165482
549588	0.031641677
3666903	0.031632427
2769279	0.031632278
3390365	0.031629942
2943701	0.031626247
2926431	0.031625476
3808107	0.03162135
3459509	0.031618185
2246223	0.031613417
3596056	0.03160219
3731711	0.031601846
2934582	0.031599414
3819796	0.03159693
3674684	0.031589776
3395695	0.031587362
2726516	0.031581186
3354676	0.031580597
3171650	0.03156868
2684210	0.031565137
1624824	0.031553313
3647711	0.031550463
3014869	0.03154693
3219003	0.03151961
3845712	0.031494386
3118197	0.03148167
3106393	0.03147408
3644263	0.031467978
2777882	0.03146152
3314870	0.031457506
3662749	0.031449493
3841675	0.031442754
3285752	0.03143386
3517580	0.03143385
3285716	0.031428028
2630300	0.03142593
3837720	0.031423707
2270822	0.031417828
3853072	0.031408824
3278252	0.03139901
3771811	0.031392552
2729224	0.0313915
3474835	0.03136293
2796013	0.03135376
3120183	0.031347334
2726498	0.03132649
3282977	0.03128991
3891391	0.031288292
3778792	0.031283855
155642	0.031269006
2579735	0.031252388
3631521	0.031249346
3779771	0.031249002
3426268	0.031247208
2951104	0.031239051
2781135	0.031231113
2913911	0.031213988
2262910	0.031212475
3560203	0.031204257
2129146	0.031197574
3132916	0.031183505
2671519	0.031173691
3423016	0.031164143
3268184	0.031157244
3403954	0.031156123
3541613	0.031132711
3853383	0.031127974
3062610	0.031126248
1160573	0.031114902
2650979	0.031097991
3756019	0.031095568
3825939	0.031090064
3616178	0.031087738
2428105	0.031081073
3122670	0.031061191
3872011	0.031059338
2890912	0.031055694
3574051	0.031054728
3468117	0.031053597
3506487	0.03105045
3222266	0.031032363
2174495	0.031029962
3218974	0.031023571
3739470	0.03101525
3731228	0.03101096
2767145	0.031010315
3713583	0.03100786
2815650	0.031005014
3176151	0.030991247
3669580	0.030988723
1647271	0.030986322
1550969	0.030975938
2659488	0.030969849
3860552	0.030965075
3729689	0.030958612
1995202	0.030951897
3577473	0.030942779
3639798	0.030935619
2988949	0.03091502
3845254	0.030914722
1779377	0.030910145
3512969	0.030909479
3573361	0.0309062
3271428	0.0309026
3751378	0.030895317
3626688	0.030891346
3375113	0.030886544
3469389	0.030843973
2769424	0.030837402
3893488	0.030832669
2908875	0.030830858
3443698	0.030830443
524513	0.030823827
3720184	0.030814113
3877506	0.030813543
3527234	0.03081256
1976317	0.030803509
1550961	0.03079977
3886298	0.03079455
3663325	0.030787898
3375426	0.030771215
1661629	0.030755673
3205779	0.030740611
3562643	0.030739013
3389954	0.030738052
2813642	0.030720072
3246474	0.030710688
3206300	0.030709708
3728613	0.03070761
3859511	0.030705744
3520824	0.030703366
2738504	0.030695608
2769331	0.030683419
1084355	0.030679062
2900094	0.030677663
3077410	0.030673182
3423841	0.030668726
3687464	0.03066399
3821958	0.030656198
2837903	0.030655503
3481807	0.0306495
3804839	0.030646145
3302904	0.030639833
2653463	0.030637091
2890005	0.030634241
2789586	0.030627865
1458326	0.03062197
3015288	0.0306205
2952298	0.030619498
3465000	0.03060988
3057553	0.030604098
3728493	0.030595183
3775673	0.030580074
3674470	0.030572312
3485910	0.030571455
2726508	0.030559031
3603060	0.030554663
2503996	0.030553598
3582625	0.030550951
3765345	0.03054756
3888913	0.030534264
3580304	0.03052332
3619668	0.030522276
3514192	0.03051268
2994881	0.030501014
3351993	0.030488443
2953660	0.030486241
3150201	0.030478679
2892670	0.030476335
2972754	0.030475417
3205375	0.030468434
2987885	0.030462073
2858848	0.030461371
3162887	0.030457469
2655297	0.030449696
3353603	0.030443272
2750143	0.030442342
3704402	0.030432574
3138848	0.030432347
2657286	0.030429654
3878574	0.030422682
3570061	0.030413806
3030057	0.030408407
3353198	0.030406376
3310978	0.030398972
2359996	0.030397566
3833555	0.030391758
2671488	0.03037929
3891380	0.030379009
1976706	0.030376002
3516941	0.030350942
2872585	0.03034918
2575599	0.030348014
2740121	0.030346183
2488197	0.030345777
1987337	0.030339636
3833677	0.030337825
3808262	0.030334514
3085970	0.030329129
3641729	0.03032681
3872586	0.030326158
3843016	0.030323403
3810756	0.030316247
3040303	0.030311646
3279503	0.030283373
2908644	0.030279538
3326224	0.030277548
3366323	0.030266332
2669462	0.030265594
2988808	0.030264497
3353214	0.030261654
3097598	0.030252773
3215362	0.030247057
3854134	0.030242132
3544255	0.030238887
2390549	0.030227695
3794628	0.030225534
3852477	0.030224962
2528217	0.030214498
3192514	0.030213539
2671124	0.030212808
3786275	0.03020865
3560636	0.030203333
3716997	0.030201245
2859048	0.0302001
3271282	0.030198831
3837668	0.030198507
3601504	0.030193489
3835514	0.030192629
3847236	0.030192256
3700967	0.030185768
3692029	0.030179318
2723072	0.030178066
3288010	0.030168664
2855075	0.03016798
2909732	0.03016378
3218045	0.030155186
3293089	0.030148715
2752759	0.030147817
1459269	0.030145224
3355033	0.030144027
3615910	0.030130995
2522335	0.030129403
3501519	0.030125238
3407666	0.030115096
3018363	0.03009518
3399342	0.030094765
3263660	0.030090623
1939921	0.030086627
3103558	0.030079221
2577685	0.030078357
3792600	0.030077184
3687339	0.030074717
3389873	0.030072385
3806356	0.03006472
3521277	0.030062098
3671015	0.030046891
3679774	0.030046785
3701391	0.030039506
3614293	0.030036926
3581600	0.030032726
3456865	0.03003165
3387831	0.030027643
3350201	0.030026859
3877440	0.03002317
2645389	0.030017573
2672240	0.030015009
3256981	0.030010834
2749339	0.029998127
3405308	0.02999486
3342231	0.02998223
3749980	0.029979704
2944192	0.029973
522841	0.029971445
3059287	0.029967526
3010536	0.029962398
2780531	0.029952215
2699973	0.029952157
3290862	0.029950598
3621248	0.029945498
3514815	0.02993642
3850435	0.029917544
2766280	0.029917309
3389661	0.029916173
3361469	0.02991385
3354931	0.029912848
1855694	0.029911513
1343569	0.029903539
3714741	0.029891346
2137490	0.029891241
2806879	0.029890556
3096835	0.029889975
3877030	0.02988226
2821394	0.029872319
3051203	0.02986089
3663812	0.02985454
2694628	0.029852727
2515901	0.029850706
2672793	0.029825741
2010485	0.02981075
3809434	0.029806152
3770720	0.029801454
3311613	0.029793983
116597	0.02979036
2749045	0.02978973
2567096	0.029787678
2740325	0.029779255
3751227	0.029770343
3306317	0.029767675
3648817	0.02976555
2769463	0.029764188
2698088	0.02976248
3827460	0.029759755
3580530	0.029749693
3629711	0.029744206
2815648	0.02974329
3327834	0.029729709
2788527	0.029729422
2116997	0.029722417
3227378	0.029716952
3785342	0.029715827
3282245	0.029713253
3267716	0.029709743
2275218	0.029708795
2878351	0.02969673
3233373	0.029690105
1175926	0.029684901
3195534	0.029678786
3141691	0.029678602
2840771	0.029677749
3135628	0.029673576
3156762	0.029667174
3354872	0.029656647
2824875	0.029655073
3015898	0.029654898
3772026	0.02965329
3808853	0.029652499
2672188	0.029652068
2992207	0.029647872
3534409	0.02964316
1887527	0.029634397
2583965	0.029632768
2014769	0.029628336
3494172	0.029625405
3598993	0.029615486
2923803	0.029608255
3599613	0.029604038
3678011	0.029598488
2886244	0.029594261
3338649	0.029580628
3542922	0.029580614
2964705	0.029578451
2811973	0.029576836
3097809	0.029572053
1277864	0.02957046
3876503	0.029568395
3655859	0.029567206
3312658	0.029566795
2438311	0.029561067
3253728	0.029546907
3015265	0.02954105
2756345	0.029539468
3745883	0.029533483
3770628	0.02952247
2518049	0.029522048
3167136	0.029520556
3552526	0.029496782
1065094	0.029484574
3467157	0.029468352
2607011	0.02945893
3266356	0.029442007
1524788	0.02943435
3178998	0.02943312
3551686	0.029432332
3309019	0.02943148
3444858	0.02942833
3814419	0.029421732
3174128	0.029421208
3623460	0.029415
3459524	0.02940904
2761786	0.029375289
3634250	0.029373903
3735335	0.029368255
3487309	0.029366672
3401781	0.029348157
3012722	0.029348047
3819695	0.029347671
2955936	0.029346585
2483449	0.029337829
3623783	0.029325059
3215553	0.02932093
3872692	0.029317215
2584072	0.02931684
3681666	0.029309377
3667004	0.02929363
3227341	0.02929235
3564269	0.029291878
3506244	0.029290587
3112029	0.02928859
2646334	0.029286249
3241378	0.02928579
3546880	0.029274955
3161921	0.029267138
3493986	0.02926468
1065003	0.029261285
2692977	0.029259084
3587294	0.029249286
1475558	0.02924762
2432466	0.029233012
3785391	0.02922496
2996624	0.029221306
3371531	0.029213775
3496907	0.029208934
3199407	0.029207224
2838839	0.029206287
3035779	0.029204788
3599449	0.029199656
3815092	0.029193614
3268750	0.029192118
3529718	0.029185848
3585487	0.029183073
3674738	0.02918296
3483059	0.029181615
3886778	0.02918043
2008352	0.02917884
3330255	0.02917798
3789899	0.029177243
3841747	0.029177163
2933124	0.029169997
2039826	0.029162984
3346838	0.029149253
3542033	0.029147286
3391848	0.029142685
3517578	0.029124923
3133997	0.029122798
2787188	0.029119471
3483268	0.029115885
1088249	0.029115805
2837179	0.029114194
2939576	0.029106263
3410771	0.029105818
1334206	0.029102355
2936076	0.029098283
3599740	0.029085163
3299167	0.029078351
3034953	0.029074037
2687570	0.029072136
2803953	0.029069168
2642832	0.029068809
1697806	0.029058963
3172664	0.029057762
2940168	0.029050484
3175350	0.029050231
3271560	0.029050006
3348025	0.029042337
3667021	0.029041689
3581073	0.029041616
3162801	0.029032726
3439671	0.02902664
3809254	0.029023662
3052440	0.029017363
3016252	0.02901042
3490750	0.029002834
2740082	0.028997919
3701645	0.028992027
3623109	0.028988395
3847491	0.028979754
3041762	0.028978357
2847873	0.028974928
2850132	0.028974444
2700591	0.0289709
3279325	0.028967038
3323394	0.02896284
2672467	0.028954452
3168015	0.028952813
1797062	0.028951062
3659270	0.028947731
2899707	0.028945299
3557210	0.028944451
2740215	0.028943466
2653027	0.028936652
2628050	0.028932756
3124731	0.028932309
3514797	0.028926937
2193324	0.028907979
2939531	0.028904328
3519250	0.028903907
2526417	0.028896112
3352629	0.028887857
3030052	0.02887642
3390291	0.028871901
1364522	0.028871402
2599899	0.028868956
3223529	0.028858071
3876013	0.028855441
3697146	0.028852124
3537285	0.028839726
2665694	0.028829476
3057238	0.028826678
3789359	0.02882016
3856092	0.028813723
2769416	0.028810624
3467162	0.028798854
2672271	0.028797394
1576315	0.028793724
1174953	0.028785907
2769376	0.028779915
3816232	0.028777333
3538602	0.028772265
2780663	0.028770642
2783080	0.028769266
2567289	0.028761543
2923171	0.02875714
3141718	0.028756345
3552947	0.0287512
3840837	0.02874788
3830194	0.028735287
3461468	0.028730756
3564741	0.028728988
3282872	0.028728563
3690456	0.028720945
3152170	0.028717829
3565923	0.028715974
3270458	0.028705996
3419066	0.028678915
3588607	0.02867636
3503734	0.028674139
3310633	0.02866693
3835521	0.028657222
3445096	0.028654704
1832125	0.028651252
3835395	0.028649218
3362917	0.028642688
3167813	0.028634768
3168032	0.028631048
3407018	0.028621042
3004641	0.028620183
3446014	0.028618345
17815	0.028617598
2609891	0.028608799
3517709	0.028607138
2850550	0.028607037
2737765	0.028593106
3846852	0.028589288
3738333	0.02858453
3727130	0.028583867
3568893	0.028573353
2783137	0.028562997
1325039	0.02855283
3440895	0.028550748
3757640	0.028549707
3281022	0.028543536
2813611	0.028540695
2147019	0.02853859
3764353	0.028532464
3412238	0.028530622
3145082	0.028525803
3721868	0.028519534
3517620	0.028518327
3659468	0.028508352
3659590	0.028505964
3528189	0.028505035
2787265	0.028501317
3030025	0.028500834
3873223	0.028498676
3701399	0.028496882
2842275	0.028496066
3392319	0.028495893
2938504	0.028495185
2739158	0.028491894
3506843	0.028490886
3670442	0.028488511
3254666	0.028487677
3053495	0.028486945
3132369	0.028486043
3219017	0.028480563
3256109	0.028477805
2827072	0.028477611
3687060	0.028462434
3828296	0.028453095
3821438	0.02845156
3352056	0.028445078
3146216	0.028441621
3635225	0.028438836
3750332	0.028438453
2963752	0.028437762
3591564	0.028432038
3125218	0.0284302
3479780	0.028426891
3870206	0.028422652
3702433	0.02842085
2846342	0.028419692
3481032	0.028418025
1824760	0.028417438
2728191	0.028417403
3289979	0.028416088
3792693	0.028415445
3732591	0.028410038
3404901	0.028407983
2459235	0.02840669
3015970	0.028402725
3727182	0.028401364
3293012	0.02839527
3404028	0.028385922
2929490	0.028375596
3285765	0.028375456
3616310	0.02837008
3620234	0.028359583
3431061	0.028347675
2940744	0.028344633
3597913	0.028341409
3625880	0.028329933
3357009	0.02832275
3372444	0.028315326
2885330	0.028312849
3764698	0.028311057
3039003	0.028310414
2702400	0.028310064
2878678	0.028309211
3544813	0.02830336
3521949	0.028296355
3141720	0.028291602
3878962	0.02828953
3671282	0.028287558
3558351	0.028285956
3640983	0.028283676
2559826	0.028277425
3592828	0.028270967
2845011	0.028255874
3632512	0.028244829
3550313	0.028242612
3888002	0.028230384
2517969	0.028228749
3005218	0.028222311
2517059	0.028220853
3427827	0.028217262
2992067	0.02821644
2873341	0.028209869
3657232	0.028208753
3841504	0.028206183
3330899	0.028204173
3047730	0.028200984
3150700	0.028198218
3019368	0.028188705
3644260	0.028187806
2784783	0.028184885
3230405	0.02817283
3459711	0.028166741
3162710	0.028166493
3147136	0.028159063
2800934	0.028153667
3675506	0.028151875
2361301	0.028148746
3448230	0.02814486
3260929	0.028139416
3827109	0.028137801
3015048	0.028135711
3638556	0.02813155
2907502	0.028130088
2721942	0.028118536
3854342	0.028113434
3294699	0.02810407
3423789	0.028090164
3827008	0.028083935
2785049	0.02807638
1253668	0.028076345
3426770	0.028075345
2684510	0.02807465
3162786	0.028073192
2634686	0.028062651
3543215	0.028054193
3443570	0.028050834
3305576	0.02804545
3354842	0.028044296
3298010	0.028044274
2607544	0.028036
1036504	0.028031489
1764748	0.028025521
3368360	0.028022155
3741982	0.028018057
3207140	0.028014233
3664367	0.02800916
3778811	0.027996082
3174966	0.02799196
3181775	0.027991956
3032715	0.027990887
2809019	0.027968729
3851773	0.027964896
3890466	0.027964061
3149144	0.027954344
3038616	0.027953854
2807536	0.027953042
3518717	0.027949683
3461766	0.027927127
3030053	0.02792479
3326370	0.027923992
2678702	0.027919544
2268108	0.027918829
3555032	0.027918667
3270285	0.027910132
3213198	0.027905742
3514369	0.02789857
3775397	0.027891262
3636594	0.027890673
2954310	0.027883193
1464140	0.027882362
3725440	0.02787884
2994810	0.027877307
1253667	0.027875124
3646223	0.027871078
2941604	0.027869308
3657446	0.02786914
3420449	0.027867703
2909991	0.027864974
3481881	0.027864343
3626918	0.027856428
2374600	0.027854659
3724894	0.027831463
2912386	0.027826957
2740090	0.027820513
3078279	0.02781724
2769315	0.027815178
2769474	0.027811436
3200155	0.02780614
3125011	0.027798492
3399425	0.027798368
2872329	0.027786136
3834870	0.0277719
3221192	0.027768625
3858865	0.027764231
3249314	0.027758455
3482330	0.027757976
3686256	0.027755737
140012	0.027747989
3328431	0.02774047
3523596	0.027739719
3292996	0.027736539
2697592	0.027720446
3818750	0.027719308
3806710	0.027716704
3006423	0.027714515
3003678	0.027699519
2699657	0.027696442
2649144	0.02768656
3079190	0.027684668
3582053	0.027675673
3179762	0.027675131
3192516	0.027673846
3043456	0.027668815
3687640	0.02766185
2829407	0.027650012
2206021	0.0276483
2950012	0.027646935
2429898	0.027641375
3479936	0.027640097
2646742	0.027639
2362714	0.027631316
3505633	0.02762479
3556859	0.027622968
3043171	0.027612712
3348639	0.027597032
3507913	0.027595244
2206349	0.027593741
3084193	0.027583037
2726523	0.027579281
2628714	0.027577912
3051097	0.027574081
3568712	0.027555522
3358971	0.027551465
3341637	0.027548214
3264875	0.027547827
1278477	0.027545955
3841489	0.027543737
3637529	0.027543735
3262570	0.027542092
3320288	0.027539287
3583751	0.027532328
2934421	0.027531441
3826468	0.027519042
3409945	0.02751785
2699644	0.027514603
2957859	0.027513329
3878623	0.02751328
3431369	0.02750971
2206392	0.02750635
2882550	0.027505297
2635934	0.027503788
3245397	0.02750304
3033073	0.027500156
2893431	0.027500097
3023071	0.02749762
3446131	0.027497232
2612756	0.027495656
3364193	0.027489528
3539931	0.02748563
3576789	0.027484555
3001446	0.027484227
2778135	0.027474588
3751250	0.027474487
2900108	0.027466789
2693642	0.027455714
3524075	0.027452448
2955276	0.027450616
3687590	0.027445387
3361791	0.027444368
3468765	0.027438108
3731470	0.02743513
3674472	0.027433492
3286878	0.027432367
3517569	0.027425528
3695280	0.027425067
2788594	0.02742365
3632039	0.027416969
3464656	0.027410818
2887505	0.027410328
3747998	0.027408315
3432328	0.02740614
2896592	0.027402377
2890340	0.027398134
3327015	0.027395949
3291426	0.02739281
3463042	0.027392607
2840571	0.02738942
2694245	0.027388534
2615355	0.027386734
3224453	0.027377933
3583163	0.027376506
3002186	0.027376164
3791356	0.027374297
3151603	0.02736235
3040363	0.02736091
2859278	0.027357673
3137776	0.027337996
3612306	0.027336417
3299189	0.027335841
3285529	0.027332922
3151601	0.027325705
2920270	0.027319428
2374470	0.0273175
3651415	0.0273162
3415088	0.027308566
3502742	0.027308036
2994134	0.027301827
343284	0.02730088
2844818	0.027295897
3481696	0.027282778
3226577	0.02728112
3516961	0.027280334
3572682	0.027274624
2526437	0.027272834
3879997	0.027270287
3483834	0.027269965
3852134	0.027265636
3615919	0.027263252
2904273	0.027262252
3391796	0.027260091
3058023	0.027258858
2582825	0.0272564
1550940	0.027256383
2931142	0.027254289
3409922	0.027251536
3472188	0.027248375
3889828	0.027247265
3854203	0.027246108
3534252	0.027241534
3853238	0.027240364
3654926	0.02722907
2720838	0.027225424
3204258	0.027223535
3748422	0.027221683
1751002	0.027220665
2668621	0.027220335
2828091	0.027219811
3162256	0.027214935
3408663	0.027206995
1257651	0.027200293
3700969	0.027199898
3396276	0.027192
3160369	0.027188841
1550946	0.02717122
3377046	0.0271689
3336909	0.027162548
3274729	0.027162379
3123640	0.027152572
3502286	0.027145064
3350456	0.027141247
3678467	0.02713949
2137097	0.027136622
3754990	0.027134445
2883193	0.027128935
3840064	0.027128497
3005662	0.027121514
2800177	0.027118072
3118195	0.027117075
3224442	0.02711212
3630936	0.027109923
2323000	0.027105024
3373552	0.027102223
2206462	0.027099082
2732267	0.027096206
3485486	0.027092041
3545854	0.027088597
2737147	0.02708132
2725833	0.027080845
3714001	0.027078662
3785209	0.027062295
3511061	0.02705496
3131766	0.027051222
2922322	0.027048746
2688343	0.027045822
1064854	0.02704364
1904206	0.027042415
1802750	0.027038813
3796907	0.0270358
3622306	0.027030203
2374768	0.027026895
3734606	0.027022261
3283454	0.027019825
1440784	0.027018448
3615849	0.02701441
3653878	0.027012069
3271296	0.027011473
3279506	0.027011156
1201136	0.027010394
3562608	0.027009204
2989717	0.026992578
1112595	0.02699233
3625026	0.026991624
2329656	0.026991423
2958892	0.026991423
3853920	0.02699073
3734005	0.026988288
3671146	0.026988182
3500670	0.026980372
3546435	0.026979698
2668594	0.026969973
3341380	0.026965342
2672442	0.026963597
2719730	0.0269633
3168354	0.026962819
3653519	0.026956711
3420510	0.026956175
3274421	0.026943076
3703349	0.02694197
2944193	0.026940329
3866344	0.026934814
3337746	0.026934808
3203973	0.026932726
1779408	0.026915517
3521416	0.026907822
3099218	0.026906949
3190510	0.026896639
2275746	0.026896248
2614953	0.026891222
3017901	0.026888827
3557457	0.026888523
2667168	0.026884947
3608282	0.026878126
3395889	0.026875462
3310988	0.0268741
2527784	0.026871968
3015867	0.026871566
2900109	0.026869452
3819473	0.026869124
2930659	0.026868511
2663564	0.026865918
3809270	0.026858946
3504250	0.026858453
2532955	0.026858008
3475923	0.026854027
3523113	0.026853254
3099609	0.026852498
3569994	0.026851196
3558907	0.026848737
2706416	0.02684865
3706267	0.026848376
3702343	0.026835531
3876687	0.026832769
3890744	0.026830917
3152194	0.026820282
3047985	0.026819386
2672301	0.026814407
1936417	0.026805805
3641964	0.026801467
2729956	0.026801238
1609104	0.026800279
2700613	0.026797274
3269392	0.026796965
3858754	0.026793648
3012438	0.026793478
3830168	0.02678433
2856377	0.026779082
1934901	0.026777456
3551696	0.026776355
3726676	0.026774943
1208937	0.026774332
2726500	0.026770517
3686063	0.026764734
3322181	0.02676472
3658233	0.026757536
3602200	0.026755795
3408657	0.026750837
3815136	0.0267487
3086161	0.026746247
3141758	0.026745811
2645689	0.026743624
3878280	0.026739744
2850087	0.026729923
2840972	0.026729135
3481704	0.02672104
3714086	0.026711453
3603106	0.026711129
3650563	0.0267083
3660277	0.026706498
2831897	0.02670067
2048943	0.026699986
60651	0.026694056
2837876	0.026694028
1769382	0.026692996
2390579	0.026688263
3005322	0.02668781
3604226	0.02668233
2857893	0.026681995
3764182	0.026680488
3417860	0.02668021
3845581	0.026669499
3722976	0.026665125
3159139	0.026664142
2970786	0.026662542
3353844	0.026662068
3065056	0.026661817
3131791	0.026658898
3798363	0.026657615
3341339	0.026648562
3299121	0.0266448
3857284	0.026640339
3038406	0.026639981
2642852	0.026630862
2774628	0.026630256
3765831	0.026630094
3719360	0.026625087
3020354	0.026624179
2840941	0.026622368
3605556	0.026622057
3201580	0.026620347
3682672	0.026613355
3719331	0.026606584
3695962	0.026604867
3820078	0.026603889
3843640	0.026597703
2700687	0.026591396
2906497	0.026589435
2633190	0.026588423
3751081	0.026588377
3638692	0.026587442
2951541	0.02658377
3206687	0.02658212
2751768	0.026581023
1892013	0.026576249
3329004	0.026574913
3608973	0.026558537
3525250	0.026555177
2990906	0.026553612
3612316	0.02655021
3532760	0.026544873
3766238	0.026544282
3109785	0.026542062
3429028	0.026535405
3695311	0.026532322
3554961	0.026530541
3489613	0.02652652
3600510	0.026525924
3769144	0.02652225
3806229	0.02652111
3728878	0.02651646
3722839	0.026516352
1913172	0.02651085
2939556	0.026501616
3616170	0.026499722
2702911	0.026496943
3503330	0.026493592
3290811	0.026491985
1448191	0.026491133
3433120	0.026488597
1569865	0.026482739
3681687	0.026480902
3517608	0.026475789
3583117	0.0264683
3369203	0.026467433
3391847	0.026458232
3478230	0.026455784
3276022	0.026453806
3017885	0.026440382
3665179	0.026433779
535567	0.026431179
2430229	0.026428351
3056829	0.026428211
1540431	0.02642699
3102466	0.026426077
3702094	0.026425285
2490670	0.026417786
2732080	0.026416883
3601239	0.026412774
2699069	0.026403567
2974228	0.026401564
3298201	0.026393076
3188582	0.026388777
1088011	0.026367975
3253436	0.026363853
3745861	0.026362002
3102012	0.02635761
3658220	0.026354173
3783730	0.02635019
3502781	0.026349504
1277826	0.026335852
2259255	0.02633451
3555784	0.02633352
1198220	0.026332678
3728532	0.026331393
2935975	0.026329279
3730371	0.026327481
2684974	0.026326234
3855257	0.02632355
113745	0.026317753
3878591	0.026317533
2791744	0.026316434
3816164	0.026314154
3638518	0.026305407
3004820	0.026303176
3322349	0.026302904
3177918	0.026293248
3380548	0.02628602
3284745	0.026283603
3549770	0.026270697
3551419	0.026269294
1332000	0.026269266
2228402	0.026268695
3116003	0.026268125
1524947	0.026266305
3477554	0.0262622
3522407	0.02625916
3410700	0.026257332
3692142	0.02625576
2801848	0.02625527
3463047	0.02624446
2862322	0.026243826
3149128	0.026239533
3571762	0.026238952
3109789	0.026236517
3842700	0.02621725
2890893	0.026216859
3716030	0.026215175
3350215	0.026213873
2212569	0.026199903
3227318	0.026199361
3657210	0.026197517
1459265	0.026194822
3206765	0.026193738
1459165	0.026189823
3743381	0.02618576
2694313	0.026185317
3234016	0.026182208
2811979	0.026180908
2613915	0.02617992
3624107	0.026170226
3804543	0.02616899
3419427	0.026168926
3570325	0.02615876
3271490	0.026155343
3531494	0.02615513
3733041	0.026150638
3573492	0.026150063
3329710	0.02614764
2322927	0.026141176
3701851	0.026137896
2967013	0.026135527
3094652	0.026126826
2983030	0.026124204
1216327	0.026116086
3834722	0.026115518
3847913	0.026101006
1550933	0.0260984
3099062	0.02609673
3438718	0.026095394
3336903	0.026094818
3848514	0.026089132
2833155	0.026083222
3673351	0.026077269
3505333	0.026075551
1751042	0.026069269
3717729	0.026066441
2933896	0.026063614
3433181	0.026062641
2831607	0.026057644
2729276	0.026056772
3866288	0.026056224
2938572	0.026052095
3109782	0.026049752
3190475	0.026048077
3388657	0.026042968
3044568	0.026038839
2228383	0.026037732
3318207	0.026036195
3576368	0.02603343
3408519	0.026033312
2721934	0.026031008
1526566	0.026029598
3000816	0.026027944
1251637	0.02602533
3625007	0.026024628
3602188	0.026021594
2946034	0.026016137
3738261	0.026014542
3074312	0.026014099
3614763	0.026010696
3750274	0.026010139
3503657	0.026007682
2729906	0.02600702
3370327	0.026006214
3701675	0.0260061
3754364	0.025998948
3877987	0.025998745
3507411	0.025997128
2672216	0.025988404
3569909	0.025985075
3183677	0.02597873
2607303	0.02597416
2801000	0.025970265
3015323	0.025965525
2890621	0.02596231
2718096	0.025959283
1201172	0.02595648
3616181	0.025955558
3192879	0.025949934
425582	0.025948843
2740826	0.025948385
2481478	0.025946183
3415810	0.025942538
3541470	0.025937423
3603128	0.025937019
3114471	0.025934897
2072951	0.02593419
1459119	0.025931332
3775699	0.025931278
1634853	0.025930237
3555358	0.025927497
3089823	0.025924657
3205683	0.025924142
3134061	0.0259141
3721862	0.025912676
2860415	0.025908684
3828574	0.02590373
116587	0.02590346
2195729	0.025901578
3481223	0.02589936
2592800	0.02589481
2964744	0.025891192
2872643	0.02589106
2664214	0.025890982
1784817	0.025890106
2804003	0.025883926
2071911	0.02588107
3680991	0.025878875
2821934	0.025871089
3504950	0.025869258
3632177	0.02586229
1609124	0.025852397
1617089	0.025849646
2668560	0.025849469
3829292	0.025840968
3338082	0.025840111
3538615	0.025833134
2850177	0.025832368
3114193	0.025827723
3825049	0.025822455
3831868	0.02582188
3754493	0.025820686
3639153	0.025820304
3520148	0.02581403
3771485	0.025813064
1852683	0.025805771
3726797	0.02580452
2291324	0.0258028
3068105	0.025797004
3515506	0.025796914
3425265	0.025789637
3489953	0.025788512
3324678	0.025786782
2924396	0.02577927
3571436	0.02577249
2779317	0.025772333
3107812	0.025766049
2815844	0.025765596
1266362	0.025761966
3741973	0.025759844
3194035	0.025758553
2008949	0.025756411
3323160	0.025750667
3811791	0.025744885
2769281	0.02574389
3405058	0.02574329
3786831	0.025736207
3420725	0.025734631
3749176	0.025733376
1168906	0.025729781
3531381	0.025726585
3272347	0.025726343
2722751	0.025724536
3834698	0.025720695
2447848	0.025716424
2685829	0.025714554
3206356	0.025713716
3693641	0.025711542
3087163	0.025703577
2845190	0.025701843
1156907	0.025687886
3064863	0.025680533
3397325	0.025679735
3015549	0.02567826
3693614	0.025676254
3875420	0.025656393
2813535	0.025647352
3824665	0.025642073
3499508	0.02563589
3087220	0.025635293
2959159	0.025635252
2806398	0.025635142
3811980	0.025633896
3771759	0.025629183
3444002	0.025623161
2769399	0.025621397
2364251	0.025607623
3598665	0.025603313
3563703	0.025593441
3005680	0.025591103
3540650	0.025579859
3344823	0.025574602
3375463	0.02557275
2713849	0.025571175
3318852	0.025570804
3314008	0.025568817
2915796	0.025565777
3628388	0.025561044
2009268	0.025555799
3866077	0.025551436
3567978	0.025547875
2770545	0.02554146
3047913	0.02554106
3527175	0.025535917
3497044	0.025523713
3347493	0.02552293
3619043	0.02551553
3031240	0.025514865
3232512	0.025509924
3608003	0.0255034
3867662	0.025495471
2672258	0.025495008
2740016	0.025494395
2687677	0.025492346
3261112	0.025486095
2951059	0.025483714
3141386	0.025483614
3332360	0.025472254
3765299	0.025471633
2948321	0.025471285
2764564	0.025470981
3403950	0.02546889
3681641	0.025468804
3097761	0.025468234
3832385	0.025466556
3134427	0.025465248
3624994	0.025458535
3337875	0.02545464
3079534	0.025454372
2695231	0.025448466
3026984	0.025446577
3645713	0.025443038
2702084	0.025437811
3529464	0.025433216
3843742	0.025424227
3144685	0.025424225
2769446	0.025423769
3316456	0.02541718
539306	0.025415892
3686605	0.02541409
3338781	0.025412971
2640368	0.025411224
3161442	0.02540938
3534519	0.025409134
2944799	0.02540691
3507817	0.025405183
2958960	0.025402157
3639707	0.025398506
3866073	0.025397
1884144	0.02539529
3712886	0.025392849
2823759	0.025391342
3330267	0.025388792
3736466	0.025387537
3318199	0.025385765
2804019	0.025377735
3814995	0.025376165
3673888	0.025373856
3745915	0.02537323
3753740	0.025372216
3834393	0.02537175
3554227	0.025358638
2657246	0.025357177
3576262	0.025348336
3544067	0.025340896
3095547	0.025339969
2424073	0.025339967
3484228	0.025336081
3560387	0.025332091
2700075	0.025331175
3573983	0.025330497
2689852	0.025329739
3384962	0.025328916
3886265	0.025322927
3533016	0.025312304
3591410	0.025311636
2075484	0.02530518
3409957	0.025297234
3369514	0.025295364
3799710	0.025291214
3615988	0.025288498
2778442	0.025287336
3724086	0.025286973
1173116	0.025286889
3660937	0.02528491
3063237	0.025284683
3270297	0.025283957
3498272	0.025283176
3807663	0.025278902
3424642	0.025278553
3701621	0.025277782
3492244	0.025274456
2823333	0.025257546
3629249	0.025254332
3504275	0.025251035
1291370	0.025250623
3812090	0.025242891
1501015	0.0252415
3469903	0.025239661
3205361	0.025239412
3579014	0.025236318
3386260	0.025232468
3775236	0.025230277
3885191	0.025223216
2729309	0.025223086
3747679	0.025221666
3052194	0.02521962
3492405	0.025219116
3565148	0.025212262
3793435	0.025211144
3466843	0.025209488
3662569	0.02520613
3846194	0.025204599
3046869	0.025203072
2633184	0.025201451
2700483	0.025198683
2899781	0.025191655
2775875	0.025189904
3737059	0.02518926
2855478	0.025187468
3108676	0.025184726
3185954	0.025174513
3828623	0.025173128
2254639	0.025172604
2948427	0.02516675
3171096	0.025163239
3432784	0.025161859
3851869	0.02515997
3312071	0.025159873
3409542	0.025153453
3781705	0.025151288
3876596	0.025145983
3507551	0.025135657
3883383	0.025129115
2732452	0.025126744
3822406	0.025124792
2672144	0.025121182
2440371	0.025112554
3565446	0.025108485
3844534	0.025105298
3514472	0.025105184
3712227	0.025104031
3845249	0.02510299
3794522	0.02509845
3684111	0.025097826
3341639	0.025095081
3664074	0.025088826
2324130	0.025086358
3390102	0.02508573
3381396	0.025084963
1947981	0.025084183
3524676	0.025069121
2649923	0.02506724
3663778	0.025053497
3245497	0.025046064
3353628	0.02504605
3599144	0.025045369
3671219	0.025040412
3513310	0.025039911
420464	0.0250393
3613976	0.025035828
3497224	0.02503397
3601013	0.025031433
3229797	0.025031189
2686727	0.025027294
1973079	0.025026876
2637871	0.02502667
3432333	0.02502524
3184426	0.025021845
2648045	0.025019877
3541749	0.025019795
3524623	0.025012616
3446152	0.025011662
3710245	0.025009952
3087885	0.02500802
3048003	0.025006799
3200050	0.024996554
3015715	0.02499493
3812697	0.02499326
2409727	0.02499203
3843335	0.02498946
2769332	0.024978962
3722115	0.024977481
3304276	0.024972124
3228395	0.024969207
2900080	0.024967423
3183690	0.024964167
3219025	0.024962863
3229584	0.02495875
3466159	0.02495542
3506076	0.024942605
1947954	0.024942134
3410720	0.02494166
1140938	0.02493852
2515432	0.024938205
3519784	0.024938041
2801018	0.024933426
1888726	0.024928741
3691726	0.024925128
3372017	0.024923494
2822942	0.024922801
3394390	0.024921855
2737755	0.024916476
3613419	0.024914818
2889669	0.024914563
2845584	0.024913656
3659120	0.024910493
2783043	0.024891753
3651315	0.024889458
2672121	0.024876375
2628157	0.024871698
3847143	0.024868477
3034926	0.02486331
3581514	0.024861742
3514808	0.024861213
3833481	0.024853962
3589623	0.024851559
3188720	0.024842052
3371497	0.024838857
2899787	0.024828224
3689004	0.024825448
3833317	0.024824878
3830323	0.024824692
3518705	0.024817083
3170633	0.024816632
3099516	0.024815058
3109786	0.024814319
3372337	0.024811488
3697300	0.024810953
3628672	0.024810283
3825941	0.02480789
3846933	0.024807643
3430499	0.024807429
3446641	0.024807146
2912830	0.024804724
3660483	0.02479097
3765322	0.024789063
3475944	0.024789024
2684083	0.024788242
3539069	0.024787068
3876830	0.024785822
3603204	0.024780588
3649145	0.02477754
2651182	0.024776377
3075147	0.024770288
1479820	0.024766132
3057063	0.024763733
64801	0.024763508
2873384	0.024761489
2373291	0.024761172
3677928	0.024755014
1592308	0.024754627
3842624	0.024753375
3662158	0.024747003
3459526	0.02474577
3583806	0.02474561
2990820	0.024739675
2811115	0.024738295
3053748	0.024736794
3820575	0.024736611
3665239	0.024734285
2137136	0.02472443
2669075	0.024710828
3741978	0.024705082
2629690	0.024703436
3830908	0.024700737
2833412	0.024696618
3249569	0.024695935
2949708	0.024689604
3161430	0.024688996
2887527	0.024684569
1779609	0.024676029
3895790	0.024675107
3539596	0.024673807
2517650	0.02467329
3763794	0.02465594
3342739	0.02465396
3371908	0.02465303
3352646	0.024652949
3833000	0.024651915
3543950	0.024649518
2631222	0.024647748
2391256	0.02464141
3358954	0.024641016
3304289	0.024636494
3026696	0.024635091
2522257	0.024630727
2926907	0.024622051
2740182	0.02462157
2806537	0.024619188
3672160	0.024617111
3539883	0.024613842
2686960	0.024611784
152645	0.02460992
1550411	0.024601664
3170179	0.02459886
3860647	0.02458815
3759076	0.024587441
2170449	0.02458727
3030038	0.02458593
3596912	0.024584249
3420423	0.024581539
3365251	0.02457863
3514400	0.02457588
2526434	0.024571335
3612362	0.024566589
3082492	0.024566496
3531040	0.024562588
3580749	0.024562268
3234656	0.024561908
2920713	0.024558734
3849624	0.024557624
2914366	0.024547562
3183620	0.02454736
3439936	0.02454725
2011096	0.024545776
3464797	0.024543753
3153853	0.02454326
3149422	0.024533264
3041036	0.024533113
3224471	0.02452581
3531033	0.024525467
2164964	0.024523143
3751064	0.024518907
3044095	0.024516938
2633203	0.024510365
2526520	0.024508907
3767583	0.024508668
2928120	0.024507962
3321668	0.024507098
3609962	0.024499906
2746452	0.024490688
3457837	0.02448898
3583268	0.024486536
3500686	0.02448578
3265077	0.024483897
3636783	0.024480527
3457848	0.024476565
3670523	0.024473652
3658246	0.02447343
3522482	0.02445925
3272537	0.024456633
2770478	0.024453996
3641969	0.024451751
2628001	0.024450824
3614333	0.024446767
3015423	0.024441738
3814533	0.024439313
3849098	0.024436407
3676417	0.024435718
3000162	0.024433056
1618394	0.024428882
2807864	0.0244242
3884602	0.02442282
3664413	0.024419596
2612653	0.024417523
2677290	0.024414616
3271466	0.024412317
3434906	0.024409965
3124447	0.024404548
2769394	0.024404185
3868100	0.024392702
3892002	0.02438405
3179286	0.0243788
3375743	0.024375167
3213012	0.024371339
1253764	0.024370285
2656502	0.024361942
3276942	0.02436039
3322444	0.024358476
3543560	0.024349498
2877018	0.024348713
3874468	0.024343193
3485358	0.024337402
3130360	0.024320263
1794449	0.024317969
2584649	0.024314616
3290840	0.02431444
2878411	0.024311723
3611060	0.024310429
1526771	0.02430692
3213015	0.024302127
3480806	0.02429286
3015403	0.024290388
2667516	0.024281574
3492084	0.024280839
2758876	0.024280047
3679814	0.024279354
2397020	0.024278197
3163854	0.024276495
3359241	0.024275625
3144607	0.02426718
2750195	0.024266504
2804733	0.024265653
3884184	0.024263607
2600818	0.02425786
3089785	0.02425759
3552874	0.024253968
3145296	0.024247525
3144603	0.02424015
3868414	0.024238707
3560639	0.02423789
3195345	0.024235755
3663394	0.024235478
2827125	0.024233155
2691651	0.024228672
3056215	0.024226394
2829622	0.02422609
3674535	0.024219953
3375451	0.024216907
1892770	0.024214556
3257067	0.024213132
3492211	0.02421226
3286784	0.024211364
3779390	0.024205392
3181745	0.024203224
3367406	0.024203222
2783073	0.024202986
3290803	0.024188912
3439574	0.0241845
3835939	0.024173353
2642800	0.02417181
2621219	0.024161901
3325356	0.024161203
3391195	0.024156854
1142319	0.024154296
3279492	0.024152465
3752477	0.024145069
3220250	0.024143724
3643343	0.024136428
3667142	0.024136404
3794985	0.024136288
2701955	0.024136083
3697041	0.024134083
2726499	0.024132263
3766782	0.02412931
3175325	0.024126321
34114	0.024120647
3682250	0.024114791
3512883	0.024114545
3392709	0.024109293
3488513	0.024098879
3846223	0.024097921
1712352	0.02409715
2875708	0.024095662
3263192	0.024095032
3893583	0.024085857
3573789	0.024078643
3658866	0.024075149
3257034	0.024073645
2811945	0.02406716
3079182	0.024065955
3527238	0.02406114
3361254	0.024060022
3129759	0.024058787
3104373	0.0240509
3389664	0.024045685
3700939	0.024045471
2804732	0.024042409
3853434	0.02404037
3751786	0.024037054
3320300	0.02402306
3582163	0.024022635
3276928	0.024021782
3867917	0.024019256
153533	0.024017561
3487241	0.024015212
3502773	0.02401504
3123554	0.024014644
2740017	0.024011496
2999696	0.0240058
3653514	0.024003986
3114544	0.024003
3533951	0.023996757
3565913	0.023994075
1370920	0.023990309
3809850	0.023990156
3446015	0.02398905
1885430	0.023981232
3766596	0.023980642
3289218	0.023975737
3545734	0.023973657
3788190	0.023965517
3166803	0.023963986
2941255	0.023962557
3517431	0.023962533
3176617	0.02396111
3219008	0.02396046
2796093	0.023953443
3296425	0.023953438
3819678	0.023952235
3439305	0.023945618
3372348	0.02394307
1526638	0.023940949
3544370	0.023938445
3181816	0.023937881
3099080	0.023936039
3876546	0.023932194
3500770	0.023927024
3429097	0.023921894
3663114	0.023911942
2938618	0.02390763
3821090	0.023905994
3262480	0.02390488
3375793	0.023899542
3467606	0.023896938
3464327	0.023895156
3713321	0.023894034
3271561	0.023892354
3166022	0.023888877
3505571	0.023888258
2809071	0.023887167
2564831	0.023881882
1190202	0.023867546
3651311	0.023864334
1435909	0.023857228
2759336	0.02384255
3172064	0.023841886
2631604	0.023836112
3734200	0.023826152
3664483	0.02382615
3505429	0.023822883
2582242	0.023822736
2936924	0.023821494
149426	0.023821218
3296316	0.023817513
3412247	0.023813825
3517555	0.023809282
3878100	0.023807287
3318957	0.023805661
3139485	0.023804897
3564814	0.023803113
3362033	0.023799919
3542924	0.023793623
3364667	0.023793116
3390214	0.02379174
3465544	0.023790676
3552439	0.023790406
3484862	0.023786886
3104664	0.023783848
3142278	0.02378292
3554543	0.023773938
3305643	0.023766764
3681116	0.023765765
3872390	0.023762284
3395037	0.023755543
3170811	0.02375352
2764381	0.023751019
3080807	0.02374928
3116872	0.02374509
3349147	0.023741854
3752054	0.02374106
3276791	0.023736289
3349960	0.023732979
3230027	0.023729682
3828476	0.023727437
3509063	0.023722395
3665371	0.023720786
2376906	0.023716977
3542555	0.023716794
3516242	0.023715407
3506838	0.023712229
3002374	0.023711884
2615032	0.023708608
3597049	0.023708453
3772303	0.02370603
3166293	0.02370464
3223569	0.023703663
3752633	0.02370205
2729381	0.023701327
3407625	0.023698226
3420577	0.023698028
3824558	0.02369701
3423035	0.023694068
3531528	0.023688372
2679412	0.023688134
2637226	0.023687521
2810359	0.023686811
3672022	0.023684544
3552688	0.023682302
3384258	0.023680987
3649624	0.023679398
3319422	0.023678953
2526511	0.02367541
1705808	0.02367082
3502792	0.023669254
2740095	0.023668895
2840961	0.023659779
3198116	0.023659315
3600318	0.02365919
3465868	0.023653181
3061212	0.023650238
3317928	0.023646852
2694776	0.023639843
3540655	0.023638505
3120191	0.023636434
3295574	0.02363357
2911732	0.023633353
3742728	0.023631223
2096525	0.023623092
3816191	0.02362127
2846895	0.023618244
2990395	0.023614155
3179438	0.02361138
3139263	0.023610983
3638550	0.023608064
2922876	0.023604164
2700676	0.023602393
3219735	0.023599284
3771480	0.023593001
3776301	0.02359074
3605408	0.023587875
2266752	0.023586517
3161441	0.023585096
3071322	0.023584653
3886771	0.02358067
2911409	0.023569798
3434622	0.023569793
3778233	0.023566116
2687697	0.023562381
3816241	0.023557842
3825982	0.023554241
3792882	0.023550272
3751031	0.023550248
2615338	0.023548994
3101722	0.023548177
2242663	0.023546547
3118644	0.023543574
1440773	0.023540996
1277828	0.023538448
3808756	0.023529029
3090653	0.023527129
3702368	0.023519335
2804726	0.023517272
3148997	0.023509668
2769363	0.023509396
3626720	0.023501104
3606628	0.023487378
3672755	0.023487052
3760927	0.023485651
3796684	0.023483777
1481539	0.023481961
2862663	0.02348111
3532020	0.023480043
2885262	0.023469104
3282450	0.02346742
3420385	0.02346414
3639158	0.023458038
3018998	0.023457987
3766242	0.023456
1188074	0.023448994
3484552	0.023448242
2936411	0.023443842
3241214	0.023441715
3220027	0.023440568
3543348	0.023433689
2515902	0.023431145
3630950	0.023429444
2637256	0.023427928
3157602	0.023424659
2867996	0.023423921
3431046	0.023414403
2857279	0.023410512
2941756	0.023400825
1784628	0.023399822
3747364	0.023393447
1201366	0.0233933
3706908	0.02339325
3343011	0.023388965
3136418	0.023388965
3116839	0.02338482
2479038	0.023382703
1188062	0.023379436
3502833	0.023378594
3628264	0.023369286
3302166	0.023369163
3427222	0.023347465
3227694	0.023346402
3047888	0.0233339
3770043	0.023324346
3661986	0.023321874
2933488	0.023319459
3672687	0.023318147
2911709	0.02331138
2640349	0.02331075
3597487	0.023307791
1315350	0.023304889
1994592	0.023304174
3162575	0.023302881
3379937	0.023299426
3539528	0.023297891
2705820	0.023297446
2775859	0.023287501
3139886	0.023283754
3362472	0.02327506
3015161	0.023273496
2942805	0.023269435
2756566	0.023267088
2405793	0.023264915
3530440	0.023261992
2635357	0.023258615
3481864	0.023257464
3397234	0.02325522
2919376	0.023252
3144360	0.02324846
3162820	0.023242166
3043410	0.023238178
2279110	0.023237152
2743353	0.023236984
3672254	0.023236632
3483577	0.023235736
3225872	0.023234796
3683169	0.02323154
3449190	0.023230996
2854450	0.023230677
3415101	0.023230182
3485093	0.023228783
3731624	0.023220425
3511796	0.023218399
3199125	0.02321779
2490681	0.023214076
3500229	0.023213793
3481924	0.023213785
3198766	0.023211787
3649156	0.023209652
3083331	0.023208968
3753506	0.023208408
3135096	0.023208145
3540710	0.023207247
3664633	0.023204805
416478	0.023204003
2569193	0.023198554
2920571	0.023187755
3536037	0.023184763
3463068	0.02318314
3468567	0.02317787
1459200	0.02317304
3637105	0.02316932
3489587	0.023169026
2881019	0.02315874
3602378	0.023158489
3091428	0.023154026
3508942	0.023151917
2928181	0.023149848
3534506	0.023147115
2448873	0.023146082
2912845	0.023140207
3653731	0.023136789
2892693	0.02313378
3334052	0.023131007
2769393	0.023129908
3294392	0.023129657
2772217	0.023125544
3219397	0.023124158
3517619	0.023121659
3104454	0.023118405
3317824	0.023117041
2995238	0.02311084
2721938	0.023110358
3108690	0.02310669
2887179	0.02310097
3483062	0.023100194
3612332	0.023099978
3395170	0.023099313
2746805	0.023080228
2653043	0.023080176
2740289	0.023075689
3848462	0.023075454
3218868	0.023071488
3505164	0.023071397
3829261	0.023070505
3004409	0.023070335
3504561	0.02307026
3219015	0.023069752
3560560	0.02306723
3290853	0.023056746
3438860	0.023052707
3509391	0.023048887
2813128	0.023045434
2737777	0.023042558
3776358	0.02303864
3485626	0.023034558
3560790	0.023032792
3793574	0.023032613
2874766	0.023031013
3113236	0.023021486
3469915	0.023014594
3507706	0.023011228
2373782	0.02301065
3289771	0.023007693
3622424	0.023004098
3575963	0.02299994
3318936	0.022998942
3031938	0.022998128
2902432	0.022990927
3349853	0.022989683
2738482	0.022989642
3764359	0.022984441
3307169	0.022983735
2072943	0.022983456
2740332	0.022980522
3123346	0.02297294
549532	0.02296458
3304264	0.02295337
3488028	0.022949932
3180773	0.022948012
3891412	0.022946397
1635560	0.022937194
2800003	0.022935254
1112590	0.022933334
3481828	0.02293256
3139664	0.02293077
3269987	0.022925679
3023739	0.022924535
3133515	0.022916472
3280188	0.02291426
2831021	0.02291108
2923780	0.022909654
3237276	0.022908805
3354472	0.022908371
3741079	0.022907663
3460411	0.022905027
2841777	0.022902802
3099621	0.02289992
2887806	0.022899235
3117807	0.022896228
2821316	0.022895312
2882564	0.022892963
3284666	0.022889528
2687676	0.02288938
3783812	0.022885233
2941616	0.022870697
3452293	0.022864861
3436728	0.022863194
3669557	0.022862015
3619691	0.022861578
3608039	0.022860985
3570930	0.02286045
3468766	0.02285829
3251766	0.022857076
2583389	0.02285551
3746438	0.02285502
3322723	0.0228492
3834720	0.022841668
3609680	0.022834249
2803888	0.022827126
3728883	0.022826163
2329654	0.02282616
3435508	0.02281981
3019007	0.022816366
2886329	0.02281627
3760296	0.0228116
3716968	0.022811087
2559831	0.022801723
3140881	0.022798678
3264881	0.02279634
3097542	0.022794861
1097737	0.022793947
3467394	0.022787532
3145881	0.02278438
3356715	0.022780364
3440856	0.022779476
2500000	0.02277936
3192412	0.022776656
3546189	0.022769079
2592813	0.022766475
2933858	0.022765473
3320492	0.022763465
3182973	0.022763265
3566961	0.022762932
3271242	0.022756057
3528951	0.022748243
1297607	0.022744821
3319905	0.022744745
3015401	0.02274177
3599253	0.022739321
2749191	0.022735503
3176167	0.022735097
3804998	0.022733307
3023755	0.022728324
3198743	0.022727737
3821135	0.022725187
3483499	0.022725044
3610658	0.022725036
2364444	0.022720974
3510918	0.022720624
3572320	0.022718808
2729419	0.022718778
3049340	0.022717496
2948895	0.02271215
3401837	0.022710156
3610358	0.022707473
2895691	0.022706453
2987328	0.022697365
3819838	0.022694007
3163221	0.022693252
2859334	0.02269253
1581468	0.022687543
3667312	0.022686739
3385060	0.022678986
3858201	0.022678472
3305921	0.022675872
3302907	0.022675818
3501804	0.022675041
3321662	0.022664383
2806397	0.022659697
2621401	0.022657096
3653690	0.022650031
2767156	0.022650015
3751076	0.022649715
2783150	0.022642476
3371426	0.022635244
3888612	0.02263496
3680441	0.022634722
3765128	0.022631561
3778641	0.022629065
3527440	0.022627546
3561510	0.022623094
3315517	0.022619542
2738308	0.022619298
3074332	0.022615625
2814377	0.022615088
2467408	0.022612942
3668172	0.022610527
3240161	0.02260767
3385619	0.022605257
2503999	0.022605117
3497297	0.022600008
270015	0.022597104
3420570	0.022596095
2810690	0.0225947
3083816	0.022594221
1241761	0.022592276
2679408	0.022591798
3512256	0.02259141
3504311	0.022578875
2902217	0.022577394
3777932	0.022576591
3410193	0.022572331
3446097	0.02257042
3178512	0.022570347
3315257	0.022569468
3425771	0.022565188
3633191	0.022557002
3214858	0.022554308
3598869	0.022551725
3410085	0.022549309
2879296	0.022546427
2688164	0.022545656
2988864	0.022543501
3471615	0.022539122
3202015	0.022536114
3818878	0.022533571
3279317	0.022531673
3590732	0.022531297
2270823	0.022529796
3683194	0.022529507
2700617	0.022527743
2841609	0.022527112
2813070	0.022527015
3840719	0.022521771
2732064	0.022521283
2909783	0.022517473
3323105	0.022517152
2771801	0.022514394
3779208	0.02251134
3139660	0.022508953
2542347	0.02250754
2955055	0.022505954
2733993	0.022503665
3098373	0.022502398
3777375	0.022501787
3585781	0.022501657
3663595	0.022500359
3101735	0.022500236
3420800	0.022498643
3488812	0.022495478
2825652	0.02249245
2999720	0.022492167
3562604	0.022491515
3751665	0.022487734
3249577	0.022482557
3666926	0.022470474
3521621	0.022462217
2899802	0.02245349
3485136	0.022453083
3749563	0.022451693
3485580	0.022450019
3599547	0.022448234
3573784	0.022444142
3441662	0.02244074
3784159	0.022439355
3191606	0.02243807
2217555	0.02243794
3385313	0.022432154
2693867	0.022432122
2780671	0.02242698
2223143	0.022418823
3830976	0.02241186
3090124	0.022407986
3319096	0.022407692
3137960	0.022406243
3157089	0.022402791
3725160	0.022402043
3015319	0.02240183
3632519	0.022398777
3208641	0.02239826
3791959	0.02239618
3819261	0.022382542
3858025	0.022382125
3830793	0.022381451
3556783	0.022373628
2957592	0.02236931
2779287	0.022367332
1961632	0.022366257
3341442	0.02235896
2816295	0.022357924
3721877	0.022351816
3439985	0.022351434
2873510	0.022350533
3277903	0.022349888
3564938	0.022346329
3418177	0.022345938
3019346	0.0223448
2778406	0.02234331
3599156	0.022342676
2693565	0.022337932
3868168	0.022334041
2827076	0.022329278
3866460	0.022329006
3101056	0.022328768
3457722	0.022325208
3082779	0.022324292
3249167	0.022313824
2876903	0.022312637
2784504	0.022297082
3797952	0.022288628
2729892	0.022287603
3673859	0.022279106
3094314	0.02227719
2791917	0.022274207
2894493	0.022274012
3168049	0.02227218
2910348	0.022271775
1959239	0.022271069
2893317	0.022269182
3704827	0.022267675
3286155	0.022266764
1253520	0.022266392
2778448	0.02226467
2682454	0.0222617
3618463	0.022259073
2562358	0.022252537
3410681	0.022250136
3101755	0.022247123
2929414	0.022247119
2803948	0.022245113
2635124	0.02224463
3222657	0.02224384
3683465	0.022243418
2584053	0.022242872
1471781	0.022241252
3682809	0.022237921
3217879	0.022235109
2633274	0.022234734
3581787	0.022233365
3846492	0.022232626
2946956	0.022231106
2289809	0.022229357
2806392	0.022224946
3142077	0.022221854
3646473	0.022220759
3532087	0.022208735
3878841	0.022207286
3509401	0.022207147
3860035	0.022206116
3574544	0.022203652
3598369	0.022196038
3438050	0.022194652
3047965	0.022194356
2872016	0.022192504
2769370	0.022188757
3699545	0.022187548
2361065	0.0221875
3672626	0.02217873
3031932	0.022175094
3860072	0.022172665
3241370	0.02217177
2830978	0.022170022
3810558	0.022165604
1566514	0.02216237
3558373	0.022160826
117239	0.022157386
3751090	0.022155553
2732103	0.022151574
3580753	0.022151072
2831032	0.022149382
2952802	0.022147091
2955625	0.022146925
3341573	0.022141783
1994710	0.022137666
3245399	0.022137059
3573569	0.02213598
3775175	0.022134712
3322204	0.022134643
2841371	0.022133518
2769430	0.022130195
3350251	0.022127658
2813536	0.022124646
3040144	0.02211991
3311713	0.022118486
3507908	0.022117143
3759689	0.022102527
3226451	0.022101117
3283619	0.022100551
2848228	0.022099856
3438268	0.02209649
3505529	0.022093711
3633377	0.022090703
3213183	0.022090541
3470713	0.022087913
2581654	0.022087373
3056754	0.02208576
3219034	0.022082893
3409401	0.022082679
3425127	0.022077352
3141494	0.022076638
2687814	0.022076463
3227933	0.02207603
3407696	0.022074424
2965574	0.0220697
1831474	0.022066448
3605412	0.022060651
3000134	0.022055356
3607857	0.022054985
3677088	0.022048919
317342	0.022046223
2275726	0.02204386
3214510	0.022043128
3570393	0.02204266
3651015	0.022042427
3614378	0.022042423
3351909	0.022040518
3505433	0.022038065
3662753	0.022030724
3158073	0.022026623
3129960	0.02202039
3304187	0.022015505
3855972	0.022008007
1160585	0.022005256
2890872	0.022003446
2881018	0.021996498
1420318	0.021996494
3558714	0.021995643
3395931	0.021992093
3878686	0.021989487
2908660	0.021984188
3715679	0.021982089
3475004	0.02197651
3389942	0.021970948
3523566	0.02196991
3129061	0.021968395
3500825	0.021967903
1481535	0.021967715
2997975	0.021967074
2694645	0.021966703
2576164	0.021964418
3488800	0.021962943
2685370	0.021962745
2972238	0.02195747
2575197	0.02195449
3152732	0.021953812
2817394	0.021943336
2801475	0.021941692
2478669	0.021939764
2212493	0.021939356
3841698	0.02193935
3354461	0.021936057
3835396	0.021935958
2984455	0.021931095
3030793	0.021929108
3618055	0.021926878
3816136	0.021921715
2906431	0.0219214
3215178	0.021919042
3228372	0.021918526
3336229	0.021916633
3475897	0.021916116
3479014	0.02190939
3477073	0.021907067
3178927	0.021906354
2871547	0.021903126
3790043	0.021899281
2730277	0.02189532
2841518	0.021887684
3671968	0.021886047
3509705	0.021879876
3459969	0.021879636
2721581	0.02187937
3764714	0.021878477
3141714	0.021870347
2984382	0.021864837
3487977	0.021864297
3030016	0.021855403
3680613	0.021855053
3530750	0.021853803
2915794	0.021851966
3513810	0.021848649
2816880	0.021845382
3698142	0.021844022
1513065	0.021839805
2374634	0.02183305
3820835	0.021829251
3351956	0.021825012
2684375	0.021824772
3104973	0.021822756
3651532	0.021822672
3596900	0.021821458
3635998	0.021819878
3342720	0.0218179
3438403	0.021815596
2760694	0.021813639
1198244	0.021813435
3335627	0.021811536
2233608	0.02180809
3505349	0.021806143
2096701	0.021802014
3113859	0.021800848
3258019	0.021800809
3719119	0.021799058
3321659	0.021796761
3649727	0.021795178
3371499	0.02179123
3438861	0.021783687
3395176	0.021781608
3487198	0.0217763
3603077	0.021776143
3446140	0.021772865
1199598	0.021768799
117131	0.021767527
3092070	0.02176487
3160943	0.021762269
3579064	0.021761823
3246434	0.021761077
2345467	0.021760818
3673382	0.021759517
3649642	0.021757524
3090365	0.021755453
2693866	0.021754097
3163524	0.021748522
3335656	0.021748127
2216008	0.021747965
3602671	0.021747317
3212896	0.021746218
2672265	0.021745766
2693998	0.02174038
3271299	0.021737736
2881896	0.021737698
3666304	0.021737052
3085804	0.021732846
3296495	0.021729443
3840130	0.021725861
3537672	0.021725662
1914268	0.021722212
3418897	0.02172029
3606122	0.021720184
3238331	0.021718128
3096026	0.021717794
1888688	0.021716764
2637292	0.02171473
3401818	0.021713821
3525883	0.02171378
3797815	0.02171255
2872891	0.021711612
2813126	0.021704592
2276892	0.021701217
3655958	0.021700883
3406277	0.021700818
3892050	0.021700142
2364151	0.021699702
1269453	0.021697296
2572160	0.021688906
3170591	0.021687225
3443222	0.021686954
